,item,work,itemLabel,workLabel
0,http://www.wikidata.org/entity/Q34660,http://www.wikidata.org/entity/Q8337,J. K. Rowling,Harry Potter
1,http://www.wikidata.org/entity/Q34660,http://www.wikidata.org/entity/Q43361,J. K. Rowling,Harry Potter and the Philosopher's Stone
2,http://www.wikidata.org/entity/Q34660,http://www.wikidata.org/entity/Q46751,J. K. Rowling,Harry Potter and the Goblet of Fire
3,http://www.wikidata.org/entity/Q34660,http://www.wikidata.org/entity/Q46758,J. K. Rowling,Harry Potter and the Deathly Hallows
4,http://www.wikidata.org/entity/Q34660,http://www.wikidata.org/entity/Q46887,J. K. Rowling,Harry Potter and the Half-Blood Prince
5,http://www.wikidata.org/entity/Q34660,http://www.wikidata.org/entity/Q47209,J. K. Rowling,Harry Potter and the Chamber of Secrets
6,http://www.wikidata.org/entity/Q34660,http://www.wikidata.org/entity/Q47598,J. K. Rowling,Harry Potter and the Prisoner of Azkaban
7,http://www.wikidata.org/entity/Q34660,http://www.wikidata.org/entity/Q80817,J. K. Rowling,Harry Potter and the Order of the Phoenix
8,http://www.wikidata.org/entity/Q34660,http://www.wikidata.org/entity/Q8337,J. K. Rowling,Harry Potter
9,http://www.wikidata.org/entity/Q34660,http://www.wikidata.org/entity/Q43361,J. K. Rowling,Harry Potter and the Philosopher's Stone
10,http://www.wikidata.org/entity/Q34660,http://www.wikidata.org/entity/Q46751,J. K. Rowling,Harry Potter and the Goblet of Fire
11,http://www.wikidata.org/entity/Q34660,http://www.wikidata.org/entity/Q46758,J. K. Rowling,Harry Potter and the Deathly Hallows
12,http://www.wikidata.org/entity/Q34660,http://www.wikidata.org/entity/Q46887,J. K. Rowling,Harry Potter and the Half-Blood Prince
13,http://www.wikidata.org/entity/Q34660,http://www.wikidata.org/entity/Q47209,J. K. Rowling,Harry Potter and the Chamber of Secrets
14,http://www.wikidata.org/entity/Q34660,http://www.wikidata.org/entity/Q47598,J. K. Rowling,Harry Potter and the Prisoner of Azkaban
15,http://www.wikidata.org/entity/Q34660,http://www.wikidata.org/entity/Q80817,J. K. Rowling,Harry Potter and the Order of the Phoenix
0,http://www.wikidata.org/entity/Q3893154,http://www.wikidata.org/entity/Q4958762,Medeiros e Albuquerque,Brazilian Republic Anthem
0,http://www.wikidata.org/entity/Q122370,http://www.wikidata.org/entity/Q248678,Gottfried Keller,Q248678
1,http://www.wikidata.org/entity/Q122370,http://www.wikidata.org/entity/Q936322,Gottfried Keller,The People of Seldwyla
2,http://www.wikidata.org/entity/Q122370,http://www.wikidata.org/entity/Q1167919,Gottfried Keller,The Banner of the Upright Seven
3,http://www.wikidata.org/entity/Q122370,http://www.wikidata.org/entity/Q1198871,Gottfried Keller,Green Henry
4,http://www.wikidata.org/entity/Q122370,http://www.wikidata.org/entity/Q1613790,Gottfried Keller,Heroic Landscape
5,http://www.wikidata.org/entity/Q122370,http://www.wikidata.org/entity/Q1904882,Gottfried Keller,Martin Salander
0,http://www.wikidata.org/entity/Q154014,http://www.wikidata.org/entity/Q353180,Georg Büchner,Lenz
1,http://www.wikidata.org/entity/Q154014,http://www.wikidata.org/entity/Q657215,Georg Büchner,Woyzeck
2,http://www.wikidata.org/entity/Q154014,http://www.wikidata.org/entity/Q896537,Georg Büchner,The Hessian Courier
3,http://www.wikidata.org/entity/Q154014,http://www.wikidata.org/entity/Q920590,Georg Büchner,Danton's Death
4,http://www.wikidata.org/entity/Q154014,http://www.wikidata.org/entity/Q1751800,Georg Büchner,Leonce and Lena
0,http://www.wikidata.org/entity/Q7788880,http://www.wikidata.org/entity/Q2460003,Thomas Davis,A Nation Once Again
0,http://www.wikidata.org/entity/Q128027,http://www.wikidata.org/entity/Q51252,Giorgio Vasari,Uffizi Gallery
1,http://www.wikidata.org/entity/Q128027,http://www.wikidata.org/entity/Q1645493,Giorgio Vasari,"Lives of the Most Excellent Painters, Sculptors, and Architects"
0,http://www.wikidata.org/entity/Q312978,http://www.wikidata.org/entity/Q11143573,Faxian,Faxian's Biography
0,http://www.wikidata.org/entity/Q49074,http://www.wikidata.org/entity/Q41359,Kurt Vonnegut,Cat's Cradle
1,http://www.wikidata.org/entity/Q49074,http://www.wikidata.org/entity/Q265954,Kurt Vonnegut,Slaughterhouse-Five
2,http://www.wikidata.org/entity/Q49074,http://www.wikidata.org/entity/Q788777,Kurt Vonnegut,Breakfast of Champions
0,http://www.wikidata.org/entity/Q360383,http://www.wikidata.org/entity/Q16495369,Gil Vicente,Auto da Barca do Inferno
0,http://www.wikidata.org/entity/Q26825,http://www.wikidata.org/entity/Q746583,Herodotus,Histories
0,http://www.wikidata.org/entity/Q1680654,http://www.wikidata.org/entity/Q106486531,James Justinian Morier,An Italian Ancedote
0,http://www.wikidata.org/entity/Q517634,http://www.wikidata.org/entity/Q7759830,George Farquhar,The Recruiting Officer
0,http://www.wikidata.org/entity/Q6779620,http://www.wikidata.org/entity/Q28428110,Mary Gaunt,Dave's Sweetheart
1,http://www.wikidata.org/entity/Q6779620,http://www.wikidata.org/entity/Q28428115,Mary Gaunt,Kirkham's Find
2,http://www.wikidata.org/entity/Q6779620,http://www.wikidata.org/entity/Q28428138,Mary Gaunt,Deadman's: An Australian Story
0,http://www.wikidata.org/entity/Q4530036,http://www.wikidata.org/entity/Q63685444,Lucy Aikin,Epistles on Women
1,http://www.wikidata.org/entity/Q4530036,http://www.wikidata.org/entity/Q80224914,Lucy Aikin,Memoirs of the Court of Queen Elizabeth
2,http://www.wikidata.org/entity/Q4530036,http://www.wikidata.org/entity/Q80224916,Lucy Aikin,The Memoirs of the Court of King James the First
3,http://www.wikidata.org/entity/Q4530036,http://www.wikidata.org/entity/Q106242514,Lucy Aikin,The Swiss Family Robinson: in Words of One Syllable
4,http://www.wikidata.org/entity/Q4530036,http://www.wikidata.org/entity/Q106243108,Lucy Aikin,The pilgrim's progress: in words of one syllable
5,http://www.wikidata.org/entity/Q4530036,http://www.wikidata.org/entity/Q106243809,Lucy Aikin,Robinson Crusoe: in words of one syllable
6,http://www.wikidata.org/entity/Q4530036,http://www.wikidata.org/entity/Q106244124,Lucy Aikin,Aesop's Fables: In Words of One Syllable
7,http://www.wikidata.org/entity/Q4530036,http://www.wikidata.org/entity/Q106256392,Lucy Aikin,Sandford and Merton; in words of one syllable
0,http://www.wikidata.org/entity/Q296244,http://www.wikidata.org/entity/Q728702,Vittorio Alfieri,Saul
1,http://www.wikidata.org/entity/Q296244,http://www.wikidata.org/entity/Q3606339,Vittorio Alfieri,Agamemnon
2,http://www.wikidata.org/entity/Q296244,http://www.wikidata.org/entity/Q3618694,Vittorio Alfieri,Antigone
3,http://www.wikidata.org/entity/Q296244,http://www.wikidata.org/entity/Q3858928,Vittorio Alfieri,Myrrha
0,http://www.wikidata.org/entity/Q5343517,http://www.wikidata.org/entity/Q106477474,Edward Howard,The Marine Ghost
1,http://www.wikidata.org/entity/Q5343517,http://www.wikidata.org/entity/Q108500601,Edward Howard,"Ardent Troughton, the Wrecked Merchant"
0,http://www.wikidata.org/entity/Q41309,http://www.wikidata.org/entity/Q597388,Franz Liszt,Hamlet
1,http://www.wikidata.org/entity/Q41309,http://www.wikidata.org/entity/Q901873,Franz Liszt,Dante Symphony
2,http://www.wikidata.org/entity/Q41309,http://www.wikidata.org/entity/Q911706,Franz Liszt,Mazeppa
3,http://www.wikidata.org/entity/Q41309,http://www.wikidata.org/entity/Q3040118,Franz Liszt,Hungarian Rhapsody No. 2
4,http://www.wikidata.org/entity/Q41309,http://www.wikidata.org/entity/Q5840361,Franz Liszt,Hungarian Rhapsody No. 1
0,http://www.wikidata.org/entity/Q9333,http://www.wikidata.org/entity/Q134425,Laozi,Tao Te Ching
0,http://www.wikidata.org/entity/Q194402,http://www.wikidata.org/entity/Q18503004,Joshua Reynolds,Captain Arthur Blake
0,http://www.wikidata.org/entity/Q22714,http://www.wikidata.org/entity/Q828542,Karl May,Winnetou
0,http://www.wikidata.org/entity/Q3946632,http://www.wikidata.org/entity/Q106466560,Samuel Lover,Handy Andy
0,http://www.wikidata.org/entity/Q331845,http://www.wikidata.org/entity/Q1249393,Hjalmar Söderberg,Doctor Glas
1,http://www.wikidata.org/entity/Q331845,http://www.wikidata.org/entity/Q5553253,Hjalmar Söderberg,Gertrud
2,http://www.wikidata.org/entity/Q331845,http://www.wikidata.org/entity/Q5774496,Hjalmar Söderberg,Historietter
3,http://www.wikidata.org/entity/Q331845,http://www.wikidata.org/entity/Q7763349,Hjalmar Söderberg,The Serious Game
4,http://www.wikidata.org/entity/Q331845,http://www.wikidata.org/entity/Q10501736,Hjalmar Söderberg,Q10501736
5,http://www.wikidata.org/entity/Q331845,http://www.wikidata.org/entity/Q10577829,Hjalmar Söderberg,Martin Birck's Youth
0,http://www.wikidata.org/entity/Q489193,http://www.wikidata.org/entity/Q901356,Harry Harrison,Make Room! Make Room!
0,http://www.wikidata.org/entity/Q76483,http://www.wikidata.org/entity/Q688426,Rainer Maria Rilke,Duino Elegies
1,http://www.wikidata.org/entity/Q76483,http://www.wikidata.org/entity/Q968544,Rainer Maria Rilke,Die Aufzeichnungen des Malte Laurids Brigge
2,http://www.wikidata.org/entity/Q76483,http://www.wikidata.org/entity/Q1169275,Rainer Maria Rilke,The carousel
3,http://www.wikidata.org/entity/Q76483,http://www.wikidata.org/entity/Q1216303,Rainer Maria Rilke,Sonnets to Orpheus
4,http://www.wikidata.org/entity/Q76483,http://www.wikidata.org/entity/Q87203846,Rainer Maria Rilke,Worpswede
0,http://www.wikidata.org/entity/Q552372,http://www.wikidata.org/entity/Q226822,Johnston McCulley,Zorro
0,http://www.wikidata.org/entity/Q82248,http://www.wikidata.org/entity/Q735319,John Galsworthy,The Forsyte Saga
1,http://www.wikidata.org/entity/Q82248,http://www.wikidata.org/entity/Q3467424,John Galsworthy,Justice
2,http://www.wikidata.org/entity/Q82248,http://www.wikidata.org/entity/Q23747074,John Galsworthy,The Silver Box
3,http://www.wikidata.org/entity/Q82248,http://www.wikidata.org/entity/Q23747075,John Galsworthy,Strife
4,http://www.wikidata.org/entity/Q82248,http://www.wikidata.org/entity/Q56328007,John Galsworthy,Saint's Progress
0,http://www.wikidata.org/entity/Q154782,http://www.wikidata.org/entity/Q1093419,Adelbert von Chamisso,Peter Schlemihl
0,http://www.wikidata.org/entity/Q555291,http://www.wikidata.org/entity/Q1473417,Giambattista Basile,Pentamerone
1,http://www.wikidata.org/entity/Q555291,http://www.wikidata.org/entity/Q113534329,Giambattista Basile,Lirici marinisti by Giambattista Basile
0,http://www.wikidata.org/entity/Q1586481,http://www.wikidata.org/entity/Q57976766,Harry Emerson Fosdick,Responsive Readings
0,http://www.wikidata.org/entity/Q1581569,http://www.wikidata.org/entity/Q63861163,Hans Ostwald,Q63861163
1,http://www.wikidata.org/entity/Q1581569,http://www.wikidata.org/entity/Q63871383,Hans Ostwald,Q63871383
2,http://www.wikidata.org/entity/Q1581569,http://www.wikidata.org/entity/Q63871394,Hans Ostwald,Q63871394
3,http://www.wikidata.org/entity/Q1581569,http://www.wikidata.org/entity/Q63884205,Hans Ostwald,Berliner Kaffeehäuser
0,http://www.wikidata.org/entity/Q332785,http://www.wikidata.org/entity/Q87143921,Persius,Satires
0,http://www.wikidata.org/entity/Q5683,http://www.wikidata.org/entity/Q191663,Geoffrey Chaucer,The Canterbury Tales
1,http://www.wikidata.org/entity/Q5683,http://www.wikidata.org/entity/Q662442,Geoffrey Chaucer,The House of Fame
2,http://www.wikidata.org/entity/Q5683,http://www.wikidata.org/entity/Q1090634,Geoffrey Chaucer,The Book of the Duchess
3,http://www.wikidata.org/entity/Q5683,http://www.wikidata.org/entity/Q1882671,Geoffrey Chaucer,The Romaunt of the Rose
4,http://www.wikidata.org/entity/Q5683,http://www.wikidata.org/entity/Q2125810,Geoffrey Chaucer,The Legend of Good Women
5,http://www.wikidata.org/entity/Q5683,http://www.wikidata.org/entity/Q2488701,Geoffrey Chaucer,Parlement of Foules
6,http://www.wikidata.org/entity/Q5683,http://www.wikidata.org/entity/Q2527101,Geoffrey Chaucer,Troilus and Criseyde
7,http://www.wikidata.org/entity/Q5683,http://www.wikidata.org/entity/Q3210522,Geoffrey Chaucer,A Treatise on the Astrolabe
8,http://www.wikidata.org/entity/Q5683,http://www.wikidata.org/entity/Q3616595,Geoffrey Chaucer,Anelida and Arcite
9,http://www.wikidata.org/entity/Q5683,http://www.wikidata.org/entity/Q3641569,Geoffrey Chaucer,Boece
10,http://www.wikidata.org/entity/Q5683,http://www.wikidata.org/entity/Q18752837,Geoffrey Chaucer,The Complaint of Mars
11,http://www.wikidata.org/entity/Q5683,http://www.wikidata.org/entity/Q124173329,Geoffrey Chaucer,The compleynt unto Pity
12,http://www.wikidata.org/entity/Q5683,http://www.wikidata.org/entity/Q124173338,Geoffrey Chaucer,The compleynt of Venus
13,http://www.wikidata.org/entity/Q5683,http://www.wikidata.org/entity/Q124173348,Geoffrey Chaucer,Chaucer's complaint unto his purse
0,http://www.wikidata.org/entity/Q60584,http://www.wikidata.org/entity/Q1211320,Christian Fürchtegott Gellert,The Prayeress
1,http://www.wikidata.org/entity/Q60584,http://www.wikidata.org/entity/Q1213441,Christian Fürchtegott Gellert,Die Ehre Gottes aus der Natur
2,http://www.wikidata.org/entity/Q60584,http://www.wikidata.org/entity/Q1219978,Christian Fürchtegott Gellert,The Tender Sisters
3,http://www.wikidata.org/entity/Q60584,http://www.wikidata.org/entity/Q1221339,Christian Fürchtegott Gellert,"Dies ist der Tag, den Gott gemacht"
4,http://www.wikidata.org/entity/Q60584,http://www.wikidata.org/entity/Q15975663,Christian Fürchtegott Gellert,"Jesus lebt, mit ihm auch ich"
0,http://www.wikidata.org/entity/Q172048,http://www.wikidata.org/entity/Q355342,Terence,Adelphoe
1,http://www.wikidata.org/entity/Q172048,http://www.wikidata.org/entity/Q545258,Terence,Hecyra
2,http://www.wikidata.org/entity/Q172048,http://www.wikidata.org/entity/Q678909,Terence,Heauton Timorumenos
3,http://www.wikidata.org/entity/Q172048,http://www.wikidata.org/entity/Q1217045,Terence,Phormio
4,http://www.wikidata.org/entity/Q172048,http://www.wikidata.org/entity/Q1233598,Terence,Eunuchus
5,http://www.wikidata.org/entity/Q172048,http://www.wikidata.org/entity/Q1233645,Terence,Andria
0,http://www.wikidata.org/entity/Q294625,http://www.wikidata.org/entity/Q427110,Clifford D. Simak,Way Station
0,http://www.wikidata.org/entity/Q7241,http://www.wikidata.org/entity/Q2358930,Rabindranath Tagore,Gitanjali
1,http://www.wikidata.org/entity/Q7241,http://www.wikidata.org/entity/Q5087983,Rabindranath Tagore,Chaturanga
2,http://www.wikidata.org/entity/Q7241,http://www.wikidata.org/entity/Q6967699,Rabindranath Tagore,Nastanirh
3,http://www.wikidata.org/entity/Q7241,http://www.wikidata.org/entity/Q7285379,Rabindranath Tagore,Raja
4,http://www.wikidata.org/entity/Q7241,http://www.wikidata.org/entity/Q7495629,Rabindranath Tagore,Shesher Kabita
5,http://www.wikidata.org/entity/Q7241,http://www.wikidata.org/entity/Q7740074,Rabindranath Tagore,Ghare-Bhaire
6,http://www.wikidata.org/entity/Q7241,http://www.wikidata.org/entity/Q7757862,Rabindranath Tagore,Dak Ghar
7,http://www.wikidata.org/entity/Q7241,http://www.wikidata.org/entity/Q7912494,Rabindranath Tagore,Valmikipratibha
8,http://www.wikidata.org/entity/Q7241,http://www.wikidata.org/entity/Q16386468,Rabindranath Tagore,Jogajog
9,http://www.wikidata.org/entity/Q7241,http://www.wikidata.org/entity/Q27996922,Rabindranath Tagore,Noukadubi
10,http://www.wikidata.org/entity/Q7241,http://www.wikidata.org/entity/Q30681934,Rabindranath Tagore,Hungry Stones
11,http://www.wikidata.org/entity/Q7241,http://www.wikidata.org/entity/Q51451626,Rabindranath Tagore,Bhanusimha Thakurer Padabali
12,http://www.wikidata.org/entity/Q7241,http://www.wikidata.org/entity/Q106687739,Rabindranath Tagore,Kabuliwala
0,http://www.wikidata.org/entity/Q220883,http://www.wikidata.org/entity/Q1968531,Poul Anderson,Tau Zero
1,http://www.wikidata.org/entity/Q220883,http://www.wikidata.org/entity/Q7720276,Poul Anderson,The Broken Sword
2,http://www.wikidata.org/entity/Q220883,http://www.wikidata.org/entity/Q1968531,Poul Anderson,Tau Zero
3,http://www.wikidata.org/entity/Q220883,http://www.wikidata.org/entity/Q7720276,Poul Anderson,The Broken Sword
0,http://www.wikidata.org/entity/Q1518861,http://www.wikidata.org/entity/Q18387026,Owen Jones,Chavs: The Demonization of the Working Class
0,http://www.wikidata.org/entity/Q443325,http://www.wikidata.org/entity/Q7719328,Charles Fort,The Book of the Damned
0,http://www.wikidata.org/entity/Q3846392,http://www.wikidata.org/entity/Q57079727,Marco Praga,La porta chiusa
1,http://www.wikidata.org/entity/Q3846392,http://www.wikidata.org/entity/Q109913963,Marco Praga,Marco Praga
0,http://www.wikidata.org/entity/Q470067,http://www.wikidata.org/entity/Q3902653,Antonio Fogazzaro,The Little World of the Past
0,http://www.wikidata.org/entity/Q298242,http://www.wikidata.org/entity/Q5386821,Leigh Brackett,Eric John Stark
0,http://www.wikidata.org/entity/Q312641,http://www.wikidata.org/entity/Q651682,Frederik Pohl,Gateway
1,http://www.wikidata.org/entity/Q312641,http://www.wikidata.org/entity/Q3391635,Frederik Pohl,The Space Merchants
0,http://www.wikidata.org/entity/Q534599,http://www.wikidata.org/entity/Q3794398,Damon Knight,Hell's Pavement
1,http://www.wikidata.org/entity/Q534599,http://www.wikidata.org/entity/Q7100032,Damon Knight,Orbit
0,http://www.wikidata.org/entity/Q2714608,http://www.wikidata.org/entity/Q15891967,Charles Le Goffic,Q15891967
1,http://www.wikidata.org/entity/Q2714608,http://www.wikidata.org/entity/Q16652666,Charles Le Goffic,Q16652666
2,http://www.wikidata.org/entity/Q2714608,http://www.wikidata.org/entity/Q17360250,Charles Le Goffic,Q17360250
3,http://www.wikidata.org/entity/Q2714608,http://www.wikidata.org/entity/Q19131999,Charles Le Goffic,Q19131999
4,http://www.wikidata.org/entity/Q2714608,http://www.wikidata.org/entity/Q19163991,Charles Le Goffic,Q19163991
5,http://www.wikidata.org/entity/Q2714608,http://www.wikidata.org/entity/Q19191626,Charles Le Goffic,Q19191626
6,http://www.wikidata.org/entity/Q2714608,http://www.wikidata.org/entity/Q19194093,Charles Le Goffic,Q19194093
7,http://www.wikidata.org/entity/Q2714608,http://www.wikidata.org/entity/Q19196954,Charles Le Goffic,Q19196954
8,http://www.wikidata.org/entity/Q2714608,http://www.wikidata.org/entity/Q19213220,Charles Le Goffic,Q19213220
0,http://www.wikidata.org/entity/Q1066198,http://www.wikidata.org/entity/Q19079234,Charles Sumner,The Barbarism of Slavery
0,http://www.wikidata.org/entity/Q313185,http://www.wikidata.org/entity/Q638565,Fritz Leiber,Fafhrd and the Gray Mouser
0,http://www.wikidata.org/entity/Q93157,http://www.wikidata.org/entity/Q2520460,Eugene O'Neill,Mourning Becomes Electra
1,http://www.wikidata.org/entity/Q93157,http://www.wikidata.org/entity/Q4728760,Eugene O'Neill,All God's Chillun Got Wings
0,http://www.wikidata.org/entity/Q941810,http://www.wikidata.org/entity/Q2992437,James Hogg,The Private Memoirs and Confessions of a Justified Sinner
0,http://www.wikidata.org/entity/Q729885,http://www.wikidata.org/entity/Q16969050,Paul Carus,The Gospel of Buddha
0,http://www.wikidata.org/entity/Q237056,http://www.wikidata.org/entity/Q29042777,Lydia Koidula,Emajõe ööbik
1,http://www.wikidata.org/entity/Q237056,http://www.wikidata.org/entity/Q31275083,Lydia Koidula,Meadow Flowers
0,http://www.wikidata.org/entity/Q164047,http://www.wikidata.org/entity/Q482427,Alexander Pope,An Essay on Criticism
1,http://www.wikidata.org/entity/Q164047,http://www.wikidata.org/entity/Q1823920,Alexander Pope,The Rape of the Lock
2,http://www.wikidata.org/entity/Q164047,http://www.wikidata.org/entity/Q3855355,Alexander Pope,Messiah
3,http://www.wikidata.org/entity/Q164047,http://www.wikidata.org/entity/Q5367068,Alexander Pope,Eloisa to Abelard
0,http://www.wikidata.org/entity/Q734054,http://www.wikidata.org/entity/Q5704003,José Enrique Rodó,Ariel
0,http://www.wikidata.org/entity/Q6698403,http://www.wikidata.org/entity/Q59346127,Lucy Larcom,If I were a Sunbeam
0,http://www.wikidata.org/entity/Q233898,http://www.wikidata.org/entity/Q10958564,Sherwood Anderson,"Winesburg, Ohio"
0,http://www.wikidata.org/entity/Q248867,http://www.wikidata.org/entity/Q586831,James Blish,A Case of Conscience
1,http://www.wikidata.org/entity/Q248867,http://www.wikidata.org/entity/Q3478245,James Blish,The Seedling Stars
0,http://www.wikidata.org/entity/Q547414,http://www.wikidata.org/entity/Q3305686,Algis Budrys,Rogue Moon
1,http://www.wikidata.org/entity/Q547414,http://www.wikidata.org/entity/Q3414362,Algis Budrys,Who?
2,http://www.wikidata.org/entity/Q547414,http://www.wikidata.org/entity/Q7733246,Algis Budrys,The Falling Torch
0,http://www.wikidata.org/entity/Q37388,http://www.wikidata.org/entity/Q484511,Francis Bacon,inductive reasoning
1,http://www.wikidata.org/entity/Q37388,http://www.wikidata.org/entity/Q1233830,Francis Bacon,New Atlantis
0,http://www.wikidata.org/entity/Q4792424,http://www.wikidata.org/entity/Q80439571,Arlo Bates,The Intoxicated Ghost
0,http://www.wikidata.org/entity/Q165257,http://www.wikidata.org/entity/Q2608537,Lope de Vega,Fuenteovejuna
0,http://www.wikidata.org/entity/Q7934,http://www.wikidata.org/entity/Q6095696,Frank Herbert,Dune
0,http://www.wikidata.org/entity/Q425373,http://www.wikidata.org/entity/Q1994609,Jacques Cazotte,The Devil in Love
0,http://www.wikidata.org/entity/Q3296253,http://www.wikidata.org/entity/Q4377323,Mary Tourtel,Rupert Bear
0,http://www.wikidata.org/entity/Q4569212,http://www.wikidata.org/entity/Q7564851,William H. Armstrong,Sounder
0,http://www.wikidata.org/entity/Q291397,http://www.wikidata.org/entity/Q77328763,Fernán Caballero,Q77328763
0,http://www.wikidata.org/entity/Q2571091,http://www.wikidata.org/entity/Q51407748,Louis Figuier,Mammalia. Their various orders and habits popularly illustrated by typical species
0,http://www.wikidata.org/entity/Q144439,http://www.wikidata.org/entity/Q7476662,Bolesław Prus,The Doll
0,http://www.wikidata.org/entity/Q350552,http://www.wikidata.org/entity/Q465379,Kálmán Mikszáth,A fekete város
1,http://www.wikidata.org/entity/Q350552,http://www.wikidata.org/entity/Q794123,Kálmán Mikszáth,The Siege of Beszterce
2,http://www.wikidata.org/entity/Q350552,http://www.wikidata.org/entity/Q12045869,Kálmán Mikszáth,A Strange Marriage
3,http://www.wikidata.org/entity/Q350552,http://www.wikidata.org/entity/Q106768059,Kálmán Mikszáth,Tót atyafiak
0,http://www.wikidata.org/entity/Q3893154,http://www.wikidata.org/entity/Q4958762,Medeiros e Albuquerque,Brazilian Republic Anthem
0,http://www.wikidata.org/entity/Q122370,http://www.wikidata.org/entity/Q248678,Gottfried Keller,Q248678
1,http://www.wikidata.org/entity/Q122370,http://www.wikidata.org/entity/Q936322,Gottfried Keller,The People of Seldwyla
2,http://www.wikidata.org/entity/Q122370,http://www.wikidata.org/entity/Q1167919,Gottfried Keller,The Banner of the Upright Seven
3,http://www.wikidata.org/entity/Q122370,http://www.wikidata.org/entity/Q1198871,Gottfried Keller,Green Henry
4,http://www.wikidata.org/entity/Q122370,http://www.wikidata.org/entity/Q1613790,Gottfried Keller,Heroic Landscape
5,http://www.wikidata.org/entity/Q122370,http://www.wikidata.org/entity/Q1904882,Gottfried Keller,Martin Salander
0,http://www.wikidata.org/entity/Q154014,http://www.wikidata.org/entity/Q353180,Georg Büchner,Lenz
1,http://www.wikidata.org/entity/Q154014,http://www.wikidata.org/entity/Q657215,Georg Büchner,Woyzeck
2,http://www.wikidata.org/entity/Q154014,http://www.wikidata.org/entity/Q896537,Georg Büchner,The Hessian Courier
3,http://www.wikidata.org/entity/Q154014,http://www.wikidata.org/entity/Q920590,Georg Büchner,Danton's Death
4,http://www.wikidata.org/entity/Q154014,http://www.wikidata.org/entity/Q1751800,Georg Büchner,Leonce and Lena
0,http://www.wikidata.org/entity/Q7788880,http://www.wikidata.org/entity/Q2460003,Thomas Davis,A Nation Once Again
0,http://www.wikidata.org/entity/Q128027,http://www.wikidata.org/entity/Q51252,Giorgio Vasari,Uffizi Gallery
1,http://www.wikidata.org/entity/Q128027,http://www.wikidata.org/entity/Q1645493,Giorgio Vasari,"Lives of the Most Excellent Painters, Sculptors, and Architects"
0,http://www.wikidata.org/entity/Q312978,http://www.wikidata.org/entity/Q11143573,Faxian,Faxian's Biography
0,http://www.wikidata.org/entity/Q49074,http://www.wikidata.org/entity/Q41359,Kurt Vonnegut,Cat's Cradle
1,http://www.wikidata.org/entity/Q49074,http://www.wikidata.org/entity/Q265954,Kurt Vonnegut,Slaughterhouse-Five
2,http://www.wikidata.org/entity/Q49074,http://www.wikidata.org/entity/Q788777,Kurt Vonnegut,Breakfast of Champions
0,http://www.wikidata.org/entity/Q360383,http://www.wikidata.org/entity/Q16495369,Gil Vicente,Auto da Barca do Inferno
0,http://www.wikidata.org/entity/Q26825,http://www.wikidata.org/entity/Q746583,Herodotus,Histories
0,http://www.wikidata.org/entity/Q1680654,http://www.wikidata.org/entity/Q106486531,James Justinian Morier,An Italian Ancedote
0,http://www.wikidata.org/entity/Q517634,http://www.wikidata.org/entity/Q7759830,George Farquhar,The Recruiting Officer
0,http://www.wikidata.org/entity/Q6779620,http://www.wikidata.org/entity/Q28428110,Mary Gaunt,Dave's Sweetheart
1,http://www.wikidata.org/entity/Q6779620,http://www.wikidata.org/entity/Q28428115,Mary Gaunt,Kirkham's Find
2,http://www.wikidata.org/entity/Q6779620,http://www.wikidata.org/entity/Q28428138,Mary Gaunt,Deadman's: An Australian Story
0,http://www.wikidata.org/entity/Q4530036,http://www.wikidata.org/entity/Q63685444,Lucy Aikin,Epistles on Women
1,http://www.wikidata.org/entity/Q4530036,http://www.wikidata.org/entity/Q80224914,Lucy Aikin,Memoirs of the Court of Queen Elizabeth
2,http://www.wikidata.org/entity/Q4530036,http://www.wikidata.org/entity/Q80224916,Lucy Aikin,The Memoirs of the Court of King James the First
3,http://www.wikidata.org/entity/Q4530036,http://www.wikidata.org/entity/Q106242514,Lucy Aikin,The Swiss Family Robinson: in Words of One Syllable
4,http://www.wikidata.org/entity/Q4530036,http://www.wikidata.org/entity/Q106243108,Lucy Aikin,The pilgrim's progress: in words of one syllable
5,http://www.wikidata.org/entity/Q4530036,http://www.wikidata.org/entity/Q106243809,Lucy Aikin,Robinson Crusoe: in words of one syllable
6,http://www.wikidata.org/entity/Q4530036,http://www.wikidata.org/entity/Q106244124,Lucy Aikin,Aesop's Fables: In Words of One Syllable
7,http://www.wikidata.org/entity/Q4530036,http://www.wikidata.org/entity/Q106256392,Lucy Aikin,Sandford and Merton; in words of one syllable
0,http://www.wikidata.org/entity/Q296244,http://www.wikidata.org/entity/Q728702,Vittorio Alfieri,Saul
1,http://www.wikidata.org/entity/Q296244,http://www.wikidata.org/entity/Q3606339,Vittorio Alfieri,Agamemnon
2,http://www.wikidata.org/entity/Q296244,http://www.wikidata.org/entity/Q3618694,Vittorio Alfieri,Antigone
3,http://www.wikidata.org/entity/Q296244,http://www.wikidata.org/entity/Q3858928,Vittorio Alfieri,Myrrha
0,http://www.wikidata.org/entity/Q5343517,http://www.wikidata.org/entity/Q106477474,Edward Howard,The Marine Ghost
1,http://www.wikidata.org/entity/Q5343517,http://www.wikidata.org/entity/Q108500601,Edward Howard,"Ardent Troughton, the Wrecked Merchant"
0,http://www.wikidata.org/entity/Q41309,http://www.wikidata.org/entity/Q597388,Franz Liszt,Hamlet
1,http://www.wikidata.org/entity/Q41309,http://www.wikidata.org/entity/Q901873,Franz Liszt,Dante Symphony
2,http://www.wikidata.org/entity/Q41309,http://www.wikidata.org/entity/Q911706,Franz Liszt,Mazeppa
3,http://www.wikidata.org/entity/Q41309,http://www.wikidata.org/entity/Q3040118,Franz Liszt,Hungarian Rhapsody No. 2
4,http://www.wikidata.org/entity/Q41309,http://www.wikidata.org/entity/Q5840361,Franz Liszt,Hungarian Rhapsody No. 1
0,http://www.wikidata.org/entity/Q9333,http://www.wikidata.org/entity/Q134425,Laozi,Tao Te Ching
0,http://www.wikidata.org/entity/Q194402,http://www.wikidata.org/entity/Q18503004,Joshua Reynolds,Captain Arthur Blake
0,http://www.wikidata.org/entity/Q22714,http://www.wikidata.org/entity/Q828542,Karl May,Winnetou
0,http://www.wikidata.org/entity/Q3946632,http://www.wikidata.org/entity/Q106466560,Samuel Lover,Handy Andy
0,http://www.wikidata.org/entity/Q331845,http://www.wikidata.org/entity/Q1249393,Hjalmar Söderberg,Doctor Glas
1,http://www.wikidata.org/entity/Q331845,http://www.wikidata.org/entity/Q5553253,Hjalmar Söderberg,Gertrud
2,http://www.wikidata.org/entity/Q331845,http://www.wikidata.org/entity/Q5774496,Hjalmar Söderberg,Historietter
3,http://www.wikidata.org/entity/Q331845,http://www.wikidata.org/entity/Q7763349,Hjalmar Söderberg,The Serious Game
4,http://www.wikidata.org/entity/Q331845,http://www.wikidata.org/entity/Q10501736,Hjalmar Söderberg,Q10501736
5,http://www.wikidata.org/entity/Q331845,http://www.wikidata.org/entity/Q10577829,Hjalmar Söderberg,Martin Birck's Youth
0,http://www.wikidata.org/entity/Q489193,http://www.wikidata.org/entity/Q901356,Harry Harrison,Make Room! Make Room!
0,http://www.wikidata.org/entity/Q76483,http://www.wikidata.org/entity/Q688426,Rainer Maria Rilke,Duino Elegies
1,http://www.wikidata.org/entity/Q76483,http://www.wikidata.org/entity/Q968544,Rainer Maria Rilke,Die Aufzeichnungen des Malte Laurids Brigge
2,http://www.wikidata.org/entity/Q76483,http://www.wikidata.org/entity/Q1169275,Rainer Maria Rilke,The carousel
3,http://www.wikidata.org/entity/Q76483,http://www.wikidata.org/entity/Q1216303,Rainer Maria Rilke,Sonnets to Orpheus
4,http://www.wikidata.org/entity/Q76483,http://www.wikidata.org/entity/Q87203846,Rainer Maria Rilke,Worpswede
0,http://www.wikidata.org/entity/Q552372,http://www.wikidata.org/entity/Q226822,Johnston McCulley,Zorro
0,http://www.wikidata.org/entity/Q82248,http://www.wikidata.org/entity/Q735319,John Galsworthy,The Forsyte Saga
1,http://www.wikidata.org/entity/Q82248,http://www.wikidata.org/entity/Q3467424,John Galsworthy,Justice
2,http://www.wikidata.org/entity/Q82248,http://www.wikidata.org/entity/Q23747074,John Galsworthy,The Silver Box
3,http://www.wikidata.org/entity/Q82248,http://www.wikidata.org/entity/Q23747075,John Galsworthy,Strife
4,http://www.wikidata.org/entity/Q82248,http://www.wikidata.org/entity/Q56328007,John Galsworthy,Saint's Progress
0,http://www.wikidata.org/entity/Q154782,http://www.wikidata.org/entity/Q1093419,Adelbert von Chamisso,Peter Schlemihl
0,http://www.wikidata.org/entity/Q555291,http://www.wikidata.org/entity/Q1473417,Giambattista Basile,Pentamerone
1,http://www.wikidata.org/entity/Q555291,http://www.wikidata.org/entity/Q113534329,Giambattista Basile,Lirici marinisti by Giambattista Basile
0,http://www.wikidata.org/entity/Q1586481,http://www.wikidata.org/entity/Q57976766,Harry Emerson Fosdick,Responsive Readings
0,http://www.wikidata.org/entity/Q1581569,http://www.wikidata.org/entity/Q63861163,Hans Ostwald,Q63861163
1,http://www.wikidata.org/entity/Q1581569,http://www.wikidata.org/entity/Q63871383,Hans Ostwald,Q63871383
2,http://www.wikidata.org/entity/Q1581569,http://www.wikidata.org/entity/Q63871394,Hans Ostwald,Q63871394
3,http://www.wikidata.org/entity/Q1581569,http://www.wikidata.org/entity/Q63884205,Hans Ostwald,Berliner Kaffeehäuser
0,http://www.wikidata.org/entity/Q332785,http://www.wikidata.org/entity/Q87143921,Persius,Satires
0,http://www.wikidata.org/entity/Q5683,http://www.wikidata.org/entity/Q191663,Geoffrey Chaucer,The Canterbury Tales
1,http://www.wikidata.org/entity/Q5683,http://www.wikidata.org/entity/Q662442,Geoffrey Chaucer,The House of Fame
2,http://www.wikidata.org/entity/Q5683,http://www.wikidata.org/entity/Q1090634,Geoffrey Chaucer,The Book of the Duchess
3,http://www.wikidata.org/entity/Q5683,http://www.wikidata.org/entity/Q1882671,Geoffrey Chaucer,The Romaunt of the Rose
4,http://www.wikidata.org/entity/Q5683,http://www.wikidata.org/entity/Q2125810,Geoffrey Chaucer,The Legend of Good Women
5,http://www.wikidata.org/entity/Q5683,http://www.wikidata.org/entity/Q2488701,Geoffrey Chaucer,Parlement of Foules
6,http://www.wikidata.org/entity/Q5683,http://www.wikidata.org/entity/Q2527101,Geoffrey Chaucer,Troilus and Criseyde
7,http://www.wikidata.org/entity/Q5683,http://www.wikidata.org/entity/Q3210522,Geoffrey Chaucer,A Treatise on the Astrolabe
8,http://www.wikidata.org/entity/Q5683,http://www.wikidata.org/entity/Q3616595,Geoffrey Chaucer,Anelida and Arcite
9,http://www.wikidata.org/entity/Q5683,http://www.wikidata.org/entity/Q3641569,Geoffrey Chaucer,Boece
10,http://www.wikidata.org/entity/Q5683,http://www.wikidata.org/entity/Q18752837,Geoffrey Chaucer,The Complaint of Mars
11,http://www.wikidata.org/entity/Q5683,http://www.wikidata.org/entity/Q124173329,Geoffrey Chaucer,The compleynt unto Pity
12,http://www.wikidata.org/entity/Q5683,http://www.wikidata.org/entity/Q124173338,Geoffrey Chaucer,The compleynt of Venus
13,http://www.wikidata.org/entity/Q5683,http://www.wikidata.org/entity/Q124173348,Geoffrey Chaucer,Chaucer's complaint unto his purse
0,http://www.wikidata.org/entity/Q60584,http://www.wikidata.org/entity/Q1211320,Christian Fürchtegott Gellert,The Prayeress
1,http://www.wikidata.org/entity/Q60584,http://www.wikidata.org/entity/Q1213441,Christian Fürchtegott Gellert,Die Ehre Gottes aus der Natur
2,http://www.wikidata.org/entity/Q60584,http://www.wikidata.org/entity/Q1219978,Christian Fürchtegott Gellert,The Tender Sisters
3,http://www.wikidata.org/entity/Q60584,http://www.wikidata.org/entity/Q1221339,Christian Fürchtegott Gellert,"Dies ist der Tag, den Gott gemacht"
4,http://www.wikidata.org/entity/Q60584,http://www.wikidata.org/entity/Q15975663,Christian Fürchtegott Gellert,"Jesus lebt, mit ihm auch ich"
0,http://www.wikidata.org/entity/Q172048,http://www.wikidata.org/entity/Q355342,Terence,Adelphoe
1,http://www.wikidata.org/entity/Q172048,http://www.wikidata.org/entity/Q545258,Terence,Hecyra
2,http://www.wikidata.org/entity/Q172048,http://www.wikidata.org/entity/Q678909,Terence,Heauton Timorumenos
3,http://www.wikidata.org/entity/Q172048,http://www.wikidata.org/entity/Q1217045,Terence,Phormio
4,http://www.wikidata.org/entity/Q172048,http://www.wikidata.org/entity/Q1233598,Terence,Eunuchus
5,http://www.wikidata.org/entity/Q172048,http://www.wikidata.org/entity/Q1233645,Terence,Andria
0,http://www.wikidata.org/entity/Q294625,http://www.wikidata.org/entity/Q427110,Clifford D. Simak,Way Station
0,http://www.wikidata.org/entity/Q7241,http://www.wikidata.org/entity/Q2358930,Rabindranath Tagore,Gitanjali
1,http://www.wikidata.org/entity/Q7241,http://www.wikidata.org/entity/Q5087983,Rabindranath Tagore,Chaturanga
2,http://www.wikidata.org/entity/Q7241,http://www.wikidata.org/entity/Q6967699,Rabindranath Tagore,Nastanirh
3,http://www.wikidata.org/entity/Q7241,http://www.wikidata.org/entity/Q7285379,Rabindranath Tagore,Raja
4,http://www.wikidata.org/entity/Q7241,http://www.wikidata.org/entity/Q7495629,Rabindranath Tagore,Shesher Kabita
5,http://www.wikidata.org/entity/Q7241,http://www.wikidata.org/entity/Q7740074,Rabindranath Tagore,Ghare-Bhaire
6,http://www.wikidata.org/entity/Q7241,http://www.wikidata.org/entity/Q7757862,Rabindranath Tagore,Dak Ghar
7,http://www.wikidata.org/entity/Q7241,http://www.wikidata.org/entity/Q7912494,Rabindranath Tagore,Valmikipratibha
8,http://www.wikidata.org/entity/Q7241,http://www.wikidata.org/entity/Q16386468,Rabindranath Tagore,Jogajog
9,http://www.wikidata.org/entity/Q7241,http://www.wikidata.org/entity/Q27996922,Rabindranath Tagore,Noukadubi
10,http://www.wikidata.org/entity/Q7241,http://www.wikidata.org/entity/Q30681934,Rabindranath Tagore,Hungry Stones
11,http://www.wikidata.org/entity/Q7241,http://www.wikidata.org/entity/Q51451626,Rabindranath Tagore,Bhanusimha Thakurer Padabali
12,http://www.wikidata.org/entity/Q7241,http://www.wikidata.org/entity/Q106687739,Rabindranath Tagore,Kabuliwala
0,http://www.wikidata.org/entity/Q220883,http://www.wikidata.org/entity/Q1968531,Poul Anderson,Tau Zero
1,http://www.wikidata.org/entity/Q220883,http://www.wikidata.org/entity/Q7720276,Poul Anderson,The Broken Sword
2,http://www.wikidata.org/entity/Q220883,http://www.wikidata.org/entity/Q1968531,Poul Anderson,Tau Zero
3,http://www.wikidata.org/entity/Q220883,http://www.wikidata.org/entity/Q7720276,Poul Anderson,The Broken Sword
0,http://www.wikidata.org/entity/Q1518861,http://www.wikidata.org/entity/Q18387026,Owen Jones,Chavs: The Demonization of the Working Class
0,http://www.wikidata.org/entity/Q443325,http://www.wikidata.org/entity/Q7719328,Charles Fort,The Book of the Damned
0,http://www.wikidata.org/entity/Q3846392,http://www.wikidata.org/entity/Q57079727,Marco Praga,La porta chiusa
1,http://www.wikidata.org/entity/Q3846392,http://www.wikidata.org/entity/Q109913963,Marco Praga,Marco Praga
0,http://www.wikidata.org/entity/Q470067,http://www.wikidata.org/entity/Q3902653,Antonio Fogazzaro,The Little World of the Past
0,http://www.wikidata.org/entity/Q298242,http://www.wikidata.org/entity/Q5386821,Leigh Brackett,Eric John Stark
0,http://www.wikidata.org/entity/Q312641,http://www.wikidata.org/entity/Q651682,Frederik Pohl,Gateway
1,http://www.wikidata.org/entity/Q312641,http://www.wikidata.org/entity/Q3391635,Frederik Pohl,The Space Merchants
0,http://www.wikidata.org/entity/Q534599,http://www.wikidata.org/entity/Q3794398,Damon Knight,Hell's Pavement
1,http://www.wikidata.org/entity/Q534599,http://www.wikidata.org/entity/Q7100032,Damon Knight,Orbit
0,http://www.wikidata.org/entity/Q2714608,http://www.wikidata.org/entity/Q15891967,Charles Le Goffic,Q15891967
1,http://www.wikidata.org/entity/Q2714608,http://www.wikidata.org/entity/Q16652666,Charles Le Goffic,Q16652666
2,http://www.wikidata.org/entity/Q2714608,http://www.wikidata.org/entity/Q17360250,Charles Le Goffic,Q17360250
3,http://www.wikidata.org/entity/Q2714608,http://www.wikidata.org/entity/Q19131999,Charles Le Goffic,Q19131999
4,http://www.wikidata.org/entity/Q2714608,http://www.wikidata.org/entity/Q19163991,Charles Le Goffic,Q19163991
5,http://www.wikidata.org/entity/Q2714608,http://www.wikidata.org/entity/Q19191626,Charles Le Goffic,Q19191626
6,http://www.wikidata.org/entity/Q2714608,http://www.wikidata.org/entity/Q19194093,Charles Le Goffic,Q19194093
7,http://www.wikidata.org/entity/Q2714608,http://www.wikidata.org/entity/Q19196954,Charles Le Goffic,Q19196954
8,http://www.wikidata.org/entity/Q2714608,http://www.wikidata.org/entity/Q19213220,Charles Le Goffic,Q19213220
0,http://www.wikidata.org/entity/Q1066198,http://www.wikidata.org/entity/Q19079234,Charles Sumner,The Barbarism of Slavery
0,http://www.wikidata.org/entity/Q313185,http://www.wikidata.org/entity/Q638565,Fritz Leiber,Fafhrd and the Gray Mouser
0,http://www.wikidata.org/entity/Q93157,http://www.wikidata.org/entity/Q2520460,Eugene O'Neill,Mourning Becomes Electra
1,http://www.wikidata.org/entity/Q93157,http://www.wikidata.org/entity/Q4728760,Eugene O'Neill,All God's Chillun Got Wings
0,http://www.wikidata.org/entity/Q941810,http://www.wikidata.org/entity/Q2992437,James Hogg,The Private Memoirs and Confessions of a Justified Sinner
0,http://www.wikidata.org/entity/Q729885,http://www.wikidata.org/entity/Q16969050,Paul Carus,The Gospel of Buddha
0,http://www.wikidata.org/entity/Q237056,http://www.wikidata.org/entity/Q29042777,Lydia Koidula,Emajõe ööbik
1,http://www.wikidata.org/entity/Q237056,http://www.wikidata.org/entity/Q31275083,Lydia Koidula,Meadow Flowers
0,http://www.wikidata.org/entity/Q164047,http://www.wikidata.org/entity/Q482427,Alexander Pope,An Essay on Criticism
1,http://www.wikidata.org/entity/Q164047,http://www.wikidata.org/entity/Q1823920,Alexander Pope,The Rape of the Lock
2,http://www.wikidata.org/entity/Q164047,http://www.wikidata.org/entity/Q3855355,Alexander Pope,Messiah
3,http://www.wikidata.org/entity/Q164047,http://www.wikidata.org/entity/Q5367068,Alexander Pope,Eloisa to Abelard
0,http://www.wikidata.org/entity/Q734054,http://www.wikidata.org/entity/Q5704003,José Enrique Rodó,Ariel
0,http://www.wikidata.org/entity/Q6698403,http://www.wikidata.org/entity/Q59346127,Lucy Larcom,If I were a Sunbeam
0,http://www.wikidata.org/entity/Q233898,http://www.wikidata.org/entity/Q10958564,Sherwood Anderson,"Winesburg, Ohio"
0,http://www.wikidata.org/entity/Q248867,http://www.wikidata.org/entity/Q586831,James Blish,A Case of Conscience
1,http://www.wikidata.org/entity/Q248867,http://www.wikidata.org/entity/Q3478245,James Blish,The Seedling Stars
0,http://www.wikidata.org/entity/Q547414,http://www.wikidata.org/entity/Q3305686,Algis Budrys,Rogue Moon
1,http://www.wikidata.org/entity/Q547414,http://www.wikidata.org/entity/Q3414362,Algis Budrys,Who?
2,http://www.wikidata.org/entity/Q547414,http://www.wikidata.org/entity/Q7733246,Algis Budrys,The Falling Torch
0,http://www.wikidata.org/entity/Q37388,http://www.wikidata.org/entity/Q484511,Francis Bacon,inductive reasoning
1,http://www.wikidata.org/entity/Q37388,http://www.wikidata.org/entity/Q1233830,Francis Bacon,New Atlantis
0,http://www.wikidata.org/entity/Q4792424,http://www.wikidata.org/entity/Q80439571,Arlo Bates,The Intoxicated Ghost
0,http://www.wikidata.org/entity/Q165257,http://www.wikidata.org/entity/Q2608537,Lope de Vega,Fuenteovejuna
0,http://www.wikidata.org/entity/Q7934,http://www.wikidata.org/entity/Q6095696,Frank Herbert,Dune
0,http://www.wikidata.org/entity/Q425373,http://www.wikidata.org/entity/Q1994609,Jacques Cazotte,The Devil in Love
0,http://www.wikidata.org/entity/Q3296253,http://www.wikidata.org/entity/Q4377323,Mary Tourtel,Rupert Bear
0,http://www.wikidata.org/entity/Q4569212,http://www.wikidata.org/entity/Q7564851,William H. Armstrong,Sounder
0,http://www.wikidata.org/entity/Q291397,http://www.wikidata.org/entity/Q77328763,Fernán Caballero,Q77328763
0,http://www.wikidata.org/entity/Q2571091,http://www.wikidata.org/entity/Q51407748,Louis Figuier,Mammalia. Their various orders and habits popularly illustrated by typical species
0,http://www.wikidata.org/entity/Q144439,http://www.wikidata.org/entity/Q7476662,Bolesław Prus,The Doll
0,http://www.wikidata.org/entity/Q350552,http://www.wikidata.org/entity/Q465379,Kálmán Mikszáth,A fekete város
1,http://www.wikidata.org/entity/Q350552,http://www.wikidata.org/entity/Q794123,Kálmán Mikszáth,The Siege of Beszterce
2,http://www.wikidata.org/entity/Q350552,http://www.wikidata.org/entity/Q12045869,Kálmán Mikszáth,A Strange Marriage
3,http://www.wikidata.org/entity/Q350552,http://www.wikidata.org/entity/Q106768059,Kálmán Mikszáth,Tót atyafiak
0,http://www.wikidata.org/entity/Q715169,http://www.wikidata.org/entity/Q42188505,George Buchanan,De jure regni apud Scotos
0,http://www.wikidata.org/entity/Q352528,http://www.wikidata.org/entity/Q5477441,Walter Pater,Marius the Epicurean
0,http://www.wikidata.org/entity/Q78491,http://www.wikidata.org/entity/Q685889,Stefan Zweig,The Post Office Girl
1,http://www.wikidata.org/entity/Q78491,http://www.wikidata.org/entity/Q914123,Stefan Zweig,Letter from an Unknown Woman
2,http://www.wikidata.org/entity/Q78491,http://www.wikidata.org/entity/Q1217507,Stefan Zweig,The World of Yesterday
3,http://www.wikidata.org/entity/Q78491,http://www.wikidata.org/entity/Q1428590,Stefan Zweig,Beware of Pity
4,http://www.wikidata.org/entity/Q78491,http://www.wikidata.org/entity/Q1513820,Stefan Zweig,The Royal Game
0,http://www.wikidata.org/entity/Q123075,http://www.wikidata.org/entity/Q1193785,Robert Walser,Q1193785
1,http://www.wikidata.org/entity/Q123075,http://www.wikidata.org/entity/Q1196581,Robert Walser,Der Räuber
2,http://www.wikidata.org/entity/Q123075,http://www.wikidata.org/entity/Q1510146,Robert Walser,Geschwister Tanner
3,http://www.wikidata.org/entity/Q123075,http://www.wikidata.org/entity/Q1679462,Robert Walser,Jakob von Gunten
4,http://www.wikidata.org/entity/Q123075,http://www.wikidata.org/entity/Q16570645,Robert Walser,Q16570645
0,http://www.wikidata.org/entity/Q312407,http://www.wikidata.org/entity/Q971694,John Dos Passos,U.S.A.
1,http://www.wikidata.org/entity/Q312407,http://www.wikidata.org/entity/Q1648409,John Dos Passos,Manhattan Transfer
0,http://www.wikidata.org/entity/Q321660,http://www.wikidata.org/entity/Q1472110,John Gay,The Beggar's Opera
0,http://www.wikidata.org/entity/Q522192,http://www.wikidata.org/entity/Q7730936,John Berryman,The Dream Songs
0,http://www.wikidata.org/entity/Q41584766,http://www.wikidata.org/entity/Q106425121,Margaret Pollock Sherwood,The Princess Pourquoi
1,http://www.wikidata.org/entity/Q41584766,http://www.wikidata.org/entity/Q106427198,Margaret Pollock Sherwood,The Seven Studious Sisters
2,http://www.wikidata.org/entity/Q41584766,http://www.wikidata.org/entity/Q106436524,Margaret Pollock Sherwood,The Clever Necromancer
3,http://www.wikidata.org/entity/Q41584766,http://www.wikidata.org/entity/Q106437957,Margaret Pollock Sherwood,The Princess and the Microbe
4,http://www.wikidata.org/entity/Q41584766,http://www.wikidata.org/entity/Q106440571,Margaret Pollock Sherwood,The Gentle Robber
0,http://www.wikidata.org/entity/Q18910835,http://www.wikidata.org/entity/Q19090465,James Kennedy,"Laing, John"
0,http://www.wikidata.org/entity/Q1065092,http://www.wikidata.org/entity/Q525738,Charles Johnson,A General History of the Pyrates
0,http://www.wikidata.org/entity/Q211039,http://www.wikidata.org/entity/Q26831088,Jeppe Aakjær,Rugens sange
1,http://www.wikidata.org/entity/Q211039,http://www.wikidata.org/entity/Q42197485,Jeppe Aakjær,Children of Wrath
0,http://www.wikidata.org/entity/Q725382,http://www.wikidata.org/entity/Q2431853,Charles Mackay,Extraordinary Popular Delusions and the Madness of Crowds
0,http://www.wikidata.org/entity/Q1277467,http://www.wikidata.org/entity/Q3655399,Jean Toomer,Cane
0,http://www.wikidata.org/entity/Q203643,http://www.wikidata.org/entity/Q589002,James McNeill Whistler,Nocturne: Blue and Gold – Old Battersea Bridge
1,http://www.wikidata.org/entity/Q203643,http://www.wikidata.org/entity/Q646337,James McNeill Whistler,Nocturne in Black and Gold – The Falling Rocket
2,http://www.wikidata.org/entity/Q203643,http://www.wikidata.org/entity/Q687182,James McNeill Whistler,Whistler's Mother
3,http://www.wikidata.org/entity/Q203643,http://www.wikidata.org/entity/Q16738523,James McNeill Whistler,The Peacock Room
0,http://www.wikidata.org/entity/Q85329342,http://www.wikidata.org/entity/Q85331149,John MacLean,Historical and Traditional Sketches of Highland Families and of the Highlands
0,http://www.wikidata.org/entity/Q944837,http://www.wikidata.org/entity/Q11954709,Josep Maria de Sagarra,Vida privada
0,http://www.wikidata.org/entity/Q1710223,http://www.wikidata.org/entity/Q9697881,João de Deus,Q9697881
0,http://www.wikidata.org/entity/Q314553,http://www.wikidata.org/entity/Q2916242,Robert Silverberg,Dying Inside
1,http://www.wikidata.org/entity/Q314553,http://www.wikidata.org/entity/Q4163834,Robert Silverberg,Good News from the Vatican
2,http://www.wikidata.org/entity/Q314553,http://www.wikidata.org/entity/Q96142534,Robert Silverberg,Treasures beneath the sea
3,http://www.wikidata.org/entity/Q314553,http://www.wikidata.org/entity/Q2916242,Robert Silverberg,Dying Inside
4,http://www.wikidata.org/entity/Q314553,http://www.wikidata.org/entity/Q4163834,Robert Silverberg,Good News from the Vatican
5,http://www.wikidata.org/entity/Q314553,http://www.wikidata.org/entity/Q96142534,Robert Silverberg,Treasures beneath the sea
0,http://www.wikidata.org/entity/Q366801,http://www.wikidata.org/entity/Q10505110,Gustaf Fröding,Gitarr och dragharmonika
1,http://www.wikidata.org/entity/Q366801,http://www.wikidata.org/entity/Q10604302,Gustaf Fröding,Q10604302
2,http://www.wikidata.org/entity/Q366801,http://www.wikidata.org/entity/Q10605000,Gustaf Fröding,Q10605000
3,http://www.wikidata.org/entity/Q366801,http://www.wikidata.org/entity/Q10658412,Gustaf Fröding,Tall Tales and Adventures
4,http://www.wikidata.org/entity/Q366801,http://www.wikidata.org/entity/Q10682876,Gustaf Fröding,Q10682876
5,http://www.wikidata.org/entity/Q366801,http://www.wikidata.org/entity/Q19529522,Gustaf Fröding,Q19529522
0,http://www.wikidata.org/entity/Q131805,http://www.wikidata.org/entity/Q2690629,John Dewey,Art as Experience
1,http://www.wikidata.org/entity/Q131805,http://www.wikidata.org/entity/Q5255511,John Dewey,Democracy and Education
2,http://www.wikidata.org/entity/Q131805,http://www.wikidata.org/entity/Q5421050,John Dewey,Experience and Education
3,http://www.wikidata.org/entity/Q131805,http://www.wikidata.org/entity/Q10855412,John Dewey,The Public and its Problems
4,http://www.wikidata.org/entity/Q131805,http://www.wikidata.org/entity/Q23022314,John Dewey,The School and Society
0,http://www.wikidata.org/entity/Q309786,http://www.wikidata.org/entity/Q635050,Emilio Salgari,Carthage in Flames
1,http://www.wikidata.org/entity/Q309786,http://www.wikidata.org/entity/Q635918,Emilio Salgari,The Pirates of Malaysia
2,http://www.wikidata.org/entity/Q309786,http://www.wikidata.org/entity/Q1149750,Emilio Salgari,The Two Tigers
3,http://www.wikidata.org/entity/Q309786,http://www.wikidata.org/entity/Q1248151,Emilio Salgari,The Tigers of Mompracem
4,http://www.wikidata.org/entity/Q309786,http://www.wikidata.org/entity/Q3607523,Emilio Salgari,Q3607523
5,http://www.wikidata.org/entity/Q309786,http://www.wikidata.org/entity/Q3612268,Emilio Salgari,Quest for a Throne
6,http://www.wikidata.org/entity/Q309786,http://www.wikidata.org/entity/Q3716090,Emilio Salgari,Q3716090
7,http://www.wikidata.org/entity/Q309786,http://www.wikidata.org/entity/Q3772160,Emilio Salgari,Q3772160
8,http://www.wikidata.org/entity/Q309786,http://www.wikidata.org/entity/Q3772205,Emilio Salgari,The Last Pirates
9,http://www.wikidata.org/entity/Q309786,http://www.wikidata.org/entity/Q3790431,Emilio Salgari,Q3790431
10,http://www.wikidata.org/entity/Q309786,http://www.wikidata.org/entity/Q3790648,Emilio Salgari,Q3790648
11,http://www.wikidata.org/entity/Q309786,http://www.wikidata.org/entity/Q3790721,Emilio Salgari,Q3790721
12,http://www.wikidata.org/entity/Q309786,http://www.wikidata.org/entity/Q3791032,Emilio Salgari,The Mystery of the Black Jungle
13,http://www.wikidata.org/entity/Q309786,http://www.wikidata.org/entity/Q3791073,Emilio Salgari,Q3791073
14,http://www.wikidata.org/entity/Q309786,http://www.wikidata.org/entity/Q3791121,Emilio Salgari,Q3791121
15,http://www.wikidata.org/entity/Q309786,http://www.wikidata.org/entity/Q3791165,Emilio Salgari,I predoni del Sahara
16,http://www.wikidata.org/entity/Q309786,http://www.wikidata.org/entity/Q3792900,Emilio Salgari,The King of the Sea
17,http://www.wikidata.org/entity/Q309786,http://www.wikidata.org/entity/Q3793608,Emilio Salgari,The Mysterious Continent
18,http://www.wikidata.org/entity/Q309786,http://www.wikidata.org/entity/Q3793955,Emilio Salgari,Son of the Red Corsair
19,http://www.wikidata.org/entity/Q309786,http://www.wikidata.org/entity/Q3795480,Emilio Salgari,Q3795480
20,http://www.wikidata.org/entity/Q309786,http://www.wikidata.org/entity/Q3795483,Emilio Salgari,Q3795483
21,http://www.wikidata.org/entity/Q309786,http://www.wikidata.org/entity/Q3796036,Emilio Salgari,Il tesoro del presidente del Paraguay
22,http://www.wikidata.org/entity/Q309786,http://www.wikidata.org/entity/Q3809779,Emilio Salgari,"Yolanda, the Black Corsair's Daughter"
23,http://www.wikidata.org/entity/Q309786,http://www.wikidata.org/entity/Q3821047,Emilio Salgari,Q3821047
24,http://www.wikidata.org/entity/Q309786,http://www.wikidata.org/entity/Q3821219,Emilio Salgari,Q3821219
25,http://www.wikidata.org/entity/Q309786,http://www.wikidata.org/entity/Q3821964,Emilio Salgari,Q3821964
26,http://www.wikidata.org/entity/Q309786,http://www.wikidata.org/entity/Q3822291,Emilio Salgari,Q3822291
27,http://www.wikidata.org/entity/Q309786,http://www.wikidata.org/entity/Q3823224,Emilio Salgari,The Mountain of Light
28,http://www.wikidata.org/entity/Q309786,http://www.wikidata.org/entity/Q3823857,Emilio Salgari,The Queen of the Caribbean
29,http://www.wikidata.org/entity/Q309786,http://www.wikidata.org/entity/Q3823915,Emilio Salgari,Q3823915
30,http://www.wikidata.org/entity/Q309786,http://www.wikidata.org/entity/Q3824041,Emilio Salgari,Q3824041
31,http://www.wikidata.org/entity/Q309786,http://www.wikidata.org/entity/Q3828828,Emilio Salgari,Q3828828
32,http://www.wikidata.org/entity/Q309786,http://www.wikidata.org/entity/Q3829121,Emilio Salgari,Q3829121
33,http://www.wikidata.org/entity/Q309786,http://www.wikidata.org/entity/Q3975851,Emilio Salgari,Q3975851
34,http://www.wikidata.org/entity/Q309786,http://www.wikidata.org/entity/Q3976835,Emilio Salgari,Q3976835
35,http://www.wikidata.org/entity/Q309786,http://www.wikidata.org/entity/Q4003795,Emilio Salgari,Un dramma nell'Oceano Pacifico
36,http://www.wikidata.org/entity/Q309786,http://www.wikidata.org/entity/Q7718288,Emilio Salgari,The Black Corsair
37,http://www.wikidata.org/entity/Q309786,http://www.wikidata.org/entity/Q8212205,Emilio Salgari,Le Aquile della steppa
38,http://www.wikidata.org/entity/Q309786,http://www.wikidata.org/entity/Q8504697,Emilio Salgari,Q8504697
39,http://www.wikidata.org/entity/Q309786,http://www.wikidata.org/entity/Q14042296,Emilio Salgari,Q14042296
40,http://www.wikidata.org/entity/Q309786,http://www.wikidata.org/entity/Q16530277,Emilio Salgari,Q16530277
41,http://www.wikidata.org/entity/Q309786,http://www.wikidata.org/entity/Q16564491,Emilio Salgari,Q16564491
42,http://www.wikidata.org/entity/Q309786,http://www.wikidata.org/entity/Q16564877,Emilio Salgari,Q16564877
43,http://www.wikidata.org/entity/Q309786,http://www.wikidata.org/entity/Q16570746,Emilio Salgari,La scotennatrice
44,http://www.wikidata.org/entity/Q309786,http://www.wikidata.org/entity/Q17121296,Emilio Salgari,Q17121296
45,http://www.wikidata.org/entity/Q309786,http://www.wikidata.org/entity/Q17518192,Emilio Salgari,Sandokan to the Rescue
46,http://www.wikidata.org/entity/Q309786,http://www.wikidata.org/entity/Q17518195,Emilio Salgari,Q17518195
47,http://www.wikidata.org/entity/Q309786,http://www.wikidata.org/entity/Q17600689,Emilio Salgari,Q17600689
48,http://www.wikidata.org/entity/Q309786,http://www.wikidata.org/entity/Q17600903,Emilio Salgari,Children of the Air
49,http://www.wikidata.org/entity/Q309786,http://www.wikidata.org/entity/Q17600990,Emilio Salgari,Salgari - I solitari dell'Oceano
50,http://www.wikidata.org/entity/Q309786,http://www.wikidata.org/entity/Q17601019,Emilio Salgari,Q17601019
0,http://www.wikidata.org/entity/Q539,http://www.wikidata.org/entity/Q51122,Giuseppe Garibaldi,Unification of Italy
0,http://www.wikidata.org/entity/Q16259937,http://www.wikidata.org/entity/Q11130183,Chen Chen,The Later Story of Water Margin
0,http://www.wikidata.org/entity/Q84549907,http://www.wikidata.org/entity/Q105502523,António Francisco Barata,Évora Antiga
0,http://www.wikidata.org/entity/Q705999,http://www.wikidata.org/entity/Q676538,Philip Francis Nowlan,Armageddon 2419 A.D.
0,http://www.wikidata.org/entity/Q2737006,http://www.wikidata.org/entity/Q10392559,Xavier de Maistre,Voyage Around My Room
1,http://www.wikidata.org/entity/Q2737006,http://www.wikidata.org/entity/Q19170476,Xavier de Maistre,Q19170476
2,http://www.wikidata.org/entity/Q2737006,http://www.wikidata.org/entity/Q19184082,Xavier de Maistre,Q19184082
3,http://www.wikidata.org/entity/Q2737006,http://www.wikidata.org/entity/Q19195643,Xavier de Maistre,Q19195643
4,http://www.wikidata.org/entity/Q2737006,http://www.wikidata.org/entity/Q19212737,Xavier de Maistre,Q19212737
5,http://www.wikidata.org/entity/Q2737006,http://www.wikidata.org/entity/Q58136514,Xavier de Maistre,Oeuvres complètes
0,http://www.wikidata.org/entity/Q5543490,http://www.wikidata.org/entity/Q59384455,George Pope Morris,Long Time Ago
1,http://www.wikidata.org/entity/Q5543490,http://www.wikidata.org/entity/Q59392647,George Pope Morris,"Woodman, Spare That Tree!"
0,http://www.wikidata.org/entity/Q98554477,http://www.wikidata.org/entity/Q106451383,Evelyn Raymond,Daughter of the Forest
0,http://www.wikidata.org/entity/Q161841,http://www.wikidata.org/entity/Q313030,Edward Gibbon,The History of the Decline and Fall of the Roman Empire
0,http://www.wikidata.org/entity/Q355879,http://www.wikidata.org/entity/Q1275361,Robert Bloch,Psycho
0,http://www.wikidata.org/entity/Q951193,http://www.wikidata.org/entity/Q121030529,John Forster,Life of Charles Dickens
0,http://www.wikidata.org/entity/Q294800,http://www.wikidata.org/entity/Q660519,Aulus Gellius,Noctes Atticae
0,http://www.wikidata.org/entity/Q295935,http://www.wikidata.org/entity/Q1144182,John Philip Sousa,The Stars and Stripes Forever
0,http://www.wikidata.org/entity/Q115371,http://www.wikidata.org/entity/Q4410249,Edwin Arnold,The Light of Asia
0,http://www.wikidata.org/entity/Q168468,http://www.wikidata.org/entity/Q103799306,David Brewster,Brewster stereoscope
0,http://www.wikidata.org/entity/Q6255678,http://www.wikidata.org/entity/Q7885261,John Ross,Unintended Consequences
0,http://www.wikidata.org/entity/Q316788,http://www.wikidata.org/entity/Q7398915,Jack Williamson,Saga of Cuckoo
1,http://www.wikidata.org/entity/Q316788,http://www.wikidata.org/entity/Q7601526,Jack Williamson,Starchild Trilogy
2,http://www.wikidata.org/entity/Q316788,http://www.wikidata.org/entity/Q7883761,Jack Williamson,Undersea Trilogy
0,http://www.wikidata.org/entity/Q41683,http://www.wikidata.org/entity/Q639493,Thucydides,History of the Peloponnesian War
0,http://www.wikidata.org/entity/Q1095394,http://www.wikidata.org/entity/Q14396011,Clarence Day,Life with Father
0,http://www.wikidata.org/entity/Q365935,http://www.wikidata.org/entity/Q19047200,Andrew Marvell,Horatian Ode upon Cromwell’s Return from Ireland
0,http://www.wikidata.org/entity/Q366086,http://www.wikidata.org/entity/Q18162794,Rupert Brooke,"The Old Vicarage, Grantchester"
0,http://www.wikidata.org/entity/Q356856,http://www.wikidata.org/entity/Q1523055,Francis Pharcellus Church,"Yes, Virginia, there is a Santa Claus"
0,http://www.wikidata.org/entity/Q57239,http://www.wikidata.org/entity/Q1198710,Ludwig Tieck,Der gestiefelte Kater
0,http://www.wikidata.org/entity/Q1151,http://www.wikidata.org/entity/Q403368,Hector Berlioz,Le carnaval romain
1,http://www.wikidata.org/entity/Q1151,http://www.wikidata.org/entity/Q462313,Hector Berlioz,Symphonie fantastique
2,http://www.wikidata.org/entity/Q1151,http://www.wikidata.org/entity/Q472325,Hector Berlioz,Les Troyens
3,http://www.wikidata.org/entity/Q1151,http://www.wikidata.org/entity/Q1144992,Hector Berlioz,La damnation de Faust
4,http://www.wikidata.org/entity/Q1151,http://www.wikidata.org/entity/Q1495114,Hector Berlioz,Requiem
5,http://www.wikidata.org/entity/Q1151,http://www.wikidata.org/entity/Q2450718,Hector Berlioz,Roméo et Juliette
6,http://www.wikidata.org/entity/Q1151,http://www.wikidata.org/entity/Q3051034,Hector Berlioz,Les Nuits d'Été
0,http://www.wikidata.org/entity/Q715872,http://www.wikidata.org/entity/Q21286170,Carit Etlar,Gøngehøvdingen
1,http://www.wikidata.org/entity/Q715872,http://www.wikidata.org/entity/Q59874363,Carit Etlar,Dronningens Vagtmester
2,http://www.wikidata.org/entity/Q715872,http://www.wikidata.org/entity/Q60299037,Carit Etlar,Q60299037
0,http://www.wikidata.org/entity/Q353746,http://www.wikidata.org/entity/Q17334156,Eugène Fromentin,Farmyard with Cattle
1,http://www.wikidata.org/entity/Q353746,http://www.wikidata.org/entity/Q17491011,Eugène Fromentin,Falconry in Algeria: the kill
2,http://www.wikidata.org/entity/Q353746,http://www.wikidata.org/entity/Q17491144,Eugène Fromentin,"Courriers, country of Ouled-Nayls, in spring"
3,http://www.wikidata.org/entity/Q353746,http://www.wikidata.org/entity/Q17491632,Eugène Fromentin,Arab Riders Stop in the Forest
0,http://www.wikidata.org/entity/Q363227,http://www.wikidata.org/entity/Q4540275,Fredric Brown,Arena
1,http://www.wikidata.org/entity/Q363227,http://www.wikidata.org/entity/Q7732988,Fredric Brown,The Fabulous Clipjoint
0,http://www.wikidata.org/entity/Q22670,http://www.wikidata.org/entity/Q263150,Friedrich Schiller,Intrigue and Love
1,http://www.wikidata.org/entity/Q22670,http://www.wikidata.org/entity/Q331159,Friedrich Schiller,On the aesthetic education of man
2,http://www.wikidata.org/entity/Q22670,http://www.wikidata.org/entity/Q425837,Friedrich Schiller,Mary Stuart
3,http://www.wikidata.org/entity/Q22670,http://www.wikidata.org/entity/Q466333,Friedrich Schiller,The Robbers
4,http://www.wikidata.org/entity/Q22670,http://www.wikidata.org/entity/Q498408,Friedrich Schiller,Don Carlos
5,http://www.wikidata.org/entity/Q22670,http://www.wikidata.org/entity/Q525580,Friedrich Schiller,Wallenstein
6,http://www.wikidata.org/entity/Q22670,http://www.wikidata.org/entity/Q937281,Friedrich Schiller,William Tell
7,http://www.wikidata.org/entity/Q22670,http://www.wikidata.org/entity/Q1125010,Friedrich Schiller,The Maid of Orleans
8,http://www.wikidata.org/entity/Q22670,http://www.wikidata.org/entity/Q1213497,Friedrich Schiller,Die Huldigung der Künste
0,http://www.wikidata.org/entity/Q9312,http://www.wikidata.org/entity/Q220002,Immanuel Kant,Critique of Pure Reason
1,http://www.wikidata.org/entity/Q9312,http://www.wikidata.org/entity/Q812981,Immanuel Kant,Answering the Question: What Is Enlightenment?
2,http://www.wikidata.org/entity/Q9312,http://www.wikidata.org/entity/Q870851,Immanuel Kant,Critique of Practical Reason
3,http://www.wikidata.org/entity/Q9312,http://www.wikidata.org/entity/Q1056332,Immanuel Kant,Critique of Judgment
4,http://www.wikidata.org/entity/Q9312,http://www.wikidata.org/entity/Q1214817,Immanuel Kant,The Metaphysics of Morals
5,http://www.wikidata.org/entity/Q9312,http://www.wikidata.org/entity/Q1215763,Immanuel Kant,Religion within the Bounds of Bare Reason
6,http://www.wikidata.org/entity/Q9312,http://www.wikidata.org/entity/Q1550565,Immanuel Kant,Groundwork of the Metaphysic of Morals
7,http://www.wikidata.org/entity/Q9312,http://www.wikidata.org/entity/Q1761342,Immanuel Kant,Prolegomena to Any Future Metaphysics
0,http://www.wikidata.org/entity/Q7328037,http://www.wikidata.org/entity/Q3359194,Richard Neville,Oz
0,http://www.wikidata.org/entity/Q334958,http://www.wikidata.org/entity/Q544030,Pierre Louÿs,The Songs of Bilitis
0,http://www.wikidata.org/entity/Q76632,http://www.wikidata.org/entity/Q179500,Theodor Fontane,Grete Minde
1,http://www.wikidata.org/entity/Q76632,http://www.wikidata.org/entity/Q316853,Theodor Fontane,Ramblings through Brandenburg
2,http://www.wikidata.org/entity/Q76632,http://www.wikidata.org/entity/Q351933,Theodor Fontane,Frau Jenny Treibel
3,http://www.wikidata.org/entity/Q76632,http://www.wikidata.org/entity/Q669599,Theodor Fontane,Trials and Tribulations
4,http://www.wikidata.org/entity/Q76632,http://www.wikidata.org/entity/Q777556,Theodor Fontane,Aus England
5,http://www.wikidata.org/entity/Q76632,http://www.wikidata.org/entity/Q938689,Theodor Fontane,Unterm Birnbaum
6,http://www.wikidata.org/entity/Q76632,http://www.wikidata.org/entity/Q1079664,Theodor Fontane,Christian Friedrich Scherenberg und das literarische Berlin von 1840 bis 1860
7,http://www.wikidata.org/entity/Q76632,http://www.wikidata.org/entity/Q1150085,Theodor Fontane,Cécile
8,http://www.wikidata.org/entity/Q76632,http://www.wikidata.org/entity/Q1197130,Theodor Fontane,Der Stechlin
9,http://www.wikidata.org/entity/Q76632,http://www.wikidata.org/entity/Q1215465,Theodor Fontane,Die Poggenpuhls
10,http://www.wikidata.org/entity/Q76632,http://www.wikidata.org/entity/Q1273542,Theodor Fontane,Before the Storm
11,http://www.wikidata.org/entity/Q76632,http://www.wikidata.org/entity/Q1296168,Theodor Fontane,Effi Briest
12,http://www.wikidata.org/entity/Q76632,http://www.wikidata.org/entity/Q1332021,Theodor Fontane,Ellernklipp
13,http://www.wikidata.org/entity/Q76632,http://www.wikidata.org/entity/Q1541390,Theodor Fontane,Graf Petöfy
14,http://www.wikidata.org/entity/Q76632,http://www.wikidata.org/entity/Q1541755,Theodor Fontane,Von Zwanzig bis Dreißig
15,http://www.wikidata.org/entity/Q76632,http://www.wikidata.org/entity/Q1589389,Theodor Fontane,Quitt
16,http://www.wikidata.org/entity/Q76632,http://www.wikidata.org/entity/Q1634107,Theodor Fontane,Mathilde Möhring
17,http://www.wikidata.org/entity/Q76632,http://www.wikidata.org/entity/Q1687411,Theodor Fontane,Jenseit des Tweed
18,http://www.wikidata.org/entity/Q76632,http://www.wikidata.org/entity/Q1691464,Theodor Fontane,Stine
19,http://www.wikidata.org/entity/Q76632,http://www.wikidata.org/entity/Q1744488,Theodor Fontane,L'Adultera
20,http://www.wikidata.org/entity/Q76632,http://www.wikidata.org/entity/Q1788747,Theodor Fontane,Kriegsgefangen
21,http://www.wikidata.org/entity/Q76632,http://www.wikidata.org/entity/Q1918015,Theodor Fontane,Meine Kinderjahre
22,http://www.wikidata.org/entity/Q76632,http://www.wikidata.org/entity/Q2229265,Theodor Fontane,Schach von Wuthenow
23,http://www.wikidata.org/entity/Q76632,http://www.wikidata.org/entity/Q2499503,Theodor Fontane,Irretrievable
24,http://www.wikidata.org/entity/Q76632,http://www.wikidata.org/entity/Q19214624,Theodor Fontane,Q19214624
0,http://www.wikidata.org/entity/Q365133,http://www.wikidata.org/entity/Q2992424,John Gower,Confessio Amantis
1,http://www.wikidata.org/entity/Q365133,http://www.wikidata.org/entity/Q7942345,John Gower,Vox Clamantis
2,http://www.wikidata.org/entity/Q365133,http://www.wikidata.org/entity/Q55138291,John Gower,Mirour de l'Omme
3,http://www.wikidata.org/entity/Q365133,http://www.wikidata.org/entity/Q117708025,John Gower,Unanimes esse qui secula
4,http://www.wikidata.org/entity/Q365133,http://www.wikidata.org/entity/Q117708051,John Gower,Cinkante balades
5,http://www.wikidata.org/entity/Q365133,http://www.wikidata.org/entity/Q117708065,John Gower,Le traitié pour essampler les amantz marietz
6,http://www.wikidata.org/entity/Q365133,http://www.wikidata.org/entity/Q117712876,John Gower,Cronica tripertita
7,http://www.wikidata.org/entity/Q365133,http://www.wikidata.org/entity/Q117712972,John Gower,Carmen super multiplici viciorum pestilencia
8,http://www.wikidata.org/entity/Q365133,http://www.wikidata.org/entity/Q117713005,John Gower,Rex celi deus
9,http://www.wikidata.org/entity/Q365133,http://www.wikidata.org/entity/Q117713036,John Gower,Quicquid homo scribat (In fine)
10,http://www.wikidata.org/entity/Q365133,http://www.wikidata.org/entity/Q117713063,John Gower,Quia unusquisque
11,http://www.wikidata.org/entity/Q365133,http://www.wikidata.org/entity/Q117713094,John Gower,Presul ouile regis
12,http://www.wikidata.org/entity/Q365133,http://www.wikidata.org/entity/Q117713153,John Gower,In praise of peace
13,http://www.wikidata.org/entity/Q365133,http://www.wikidata.org/entity/Q123937912,John Gower,O recolende
0,http://www.wikidata.org/entity/Q5362110,http://www.wikidata.org/entity/Q4821970,Eliza Calvert Hall,Aunt Jane of Kentucky
0,http://www.wikidata.org/entity/Q1352158,http://www.wikidata.org/entity/Q19216759,Paul Sébillot,Littérature orale de la Haute-Bretagne
1,http://www.wikidata.org/entity/Q1352158,http://www.wikidata.org/entity/Q63197047,Paul Sébillot,Contes de terre et de mer
0,http://www.wikidata.org/entity/Q11113234,http://www.wikidata.org/entity/Q5281767,Kuan Huan,Discourses on Salt and Iron
0,http://www.wikidata.org/entity/Q3037185,http://www.wikidata.org/entity/Q7775049,Dorothy Scarborough,The Wind
0,http://www.wikidata.org/entity/Q19873778,http://www.wikidata.org/entity/Q7754922,William Bowen,The Old Tobacco Shop
0,http://www.wikidata.org/entity/Q538508,http://www.wikidata.org/entity/Q304488,Donald E. Westlake,The Grifters
1,http://www.wikidata.org/entity/Q538508,http://www.wikidata.org/entity/Q3618223,Donald E. Westlake,The Hunter
0,http://www.wikidata.org/entity/Q2817249,http://www.wikidata.org/entity/Q89383506,Ana de Castro Osório,My fatherland
0,http://www.wikidata.org/entity/Q59737,http://www.wikidata.org/entity/Q3012929,Jan Kochanowski,Laments
1,http://www.wikidata.org/entity/Q59737,http://www.wikidata.org/entity/Q5093292,Jan Kochanowski,Chess
2,http://www.wikidata.org/entity/Q59737,http://www.wikidata.org/entity/Q5230390,Jan Kochanowski,David's Psalter
3,http://www.wikidata.org/entity/Q59737,http://www.wikidata.org/entity/Q9334025,Jan Kochanowski,Q9334025
4,http://www.wikidata.org/entity/Q59737,http://www.wikidata.org/entity/Q9392156,Jan Kochanowski,Q9392156
5,http://www.wikidata.org/entity/Q59737,http://www.wikidata.org/entity/Q11796241,Jan Kochanowski,The Dismissal of the Greek Envoys
6,http://www.wikidata.org/entity/Q59737,http://www.wikidata.org/entity/Q11799352,Jan Kochanowski,Q11799352
7,http://www.wikidata.org/entity/Q59737,http://www.wikidata.org/entity/Q11816918,Jan Kochanowski,Q11816918
8,http://www.wikidata.org/entity/Q59737,http://www.wikidata.org/entity/Q24947030,Jan Kochanowski,Q24947030
9,http://www.wikidata.org/entity/Q59737,http://www.wikidata.org/entity/Q25415026,Jan Kochanowski,Q25415026
10,http://www.wikidata.org/entity/Q59737,http://www.wikidata.org/entity/Q25415089,Jan Kochanowski,Fraszki
0,http://www.wikidata.org/entity/Q590,http://www.wikidata.org/entity/Q781898,Luís de Camões,Os Lusíadas
0,http://www.wikidata.org/entity/Q18910859,http://www.wikidata.org/entity/Q19041839,Gertrude Hall Brownell,And Then?
1,http://www.wikidata.org/entity/Q18910859,http://www.wikidata.org/entity/Q19067717,Gertrude Hall Brownell,What Will Time Give?
2,http://www.wikidata.org/entity/Q18910859,http://www.wikidata.org/entity/Q19071090,Gertrude Hall Brownell,Surrender
3,http://www.wikidata.org/entity/Q18910859,http://www.wikidata.org/entity/Q19098242,Gertrude Hall Brownell,The Rose is Such a Lady
4,http://www.wikidata.org/entity/Q18910859,http://www.wikidata.org/entity/Q19105579,Gertrude Hall Brownell,To a Weed
0,http://www.wikidata.org/entity/Q17892,http://www.wikidata.org/entity/Q17079267,Sappho,Sappho fr. 31 Voigt
1,http://www.wikidata.org/entity/Q17892,http://www.wikidata.org/entity/Q21070481,Sappho,Ode to Aphrodite
2,http://www.wikidata.org/entity/Q17892,http://www.wikidata.org/entity/Q17079267,Sappho,Sappho fr. 31 Voigt
3,http://www.wikidata.org/entity/Q17892,http://www.wikidata.org/entity/Q21070481,Sappho,Ode to Aphrodite
0,http://www.wikidata.org/entity/Q468662,http://www.wikidata.org/entity/Q3794554,Luigi Capuana,Q3794554
0,http://www.wikidata.org/entity/Q585351,http://www.wikidata.org/entity/Q7737024,William Kirby,The Golden Dog
0,http://www.wikidata.org/entity/Q4408564,http://www.wikidata.org/entity/Q4657737,Epes Sargent,A Life on the Ocean Wave
0,http://www.wikidata.org/entity/Q336977,http://www.wikidata.org/entity/Q3039683,Guido Gezelle,Biekorf.
1,http://www.wikidata.org/entity/Q336977,http://www.wikidata.org/entity/Q15881402,Guido Gezelle,Rond den heerd : een leer- en leesblad voor alle lieden.
2,http://www.wikidata.org/entity/Q336977,http://www.wikidata.org/entity/Q104643440,Guido Gezelle,Loquela
3,http://www.wikidata.org/entity/Q336977,http://www.wikidata.org/entity/Q113557911,Guido Gezelle,'t Jaer 30
4,http://www.wikidata.org/entity/Q336977,http://www.wikidata.org/entity/Q119457295,Guido Gezelle,'t Jaer 70
5,http://www.wikidata.org/entity/Q336977,http://www.wikidata.org/entity/Q119497232,Guido Gezelle,Rijmsnoer om en om het jaar
6,http://www.wikidata.org/entity/Q336977,http://www.wikidata.org/entity/Q119498435,Guido Gezelle,Kerkhofbloemen
7,http://www.wikidata.org/entity/Q336977,http://www.wikidata.org/entity/Q119498467,Guido Gezelle,"Gedichten, gezangen en gebeden"
8,http://www.wikidata.org/entity/Q336977,http://www.wikidata.org/entity/Q119498494,Guido Gezelle,Tijdkrans
9,http://www.wikidata.org/entity/Q336977,http://www.wikidata.org/entity/Q119498624,Guido Gezelle,Laatste Verzen
10,http://www.wikidata.org/entity/Q336977,http://www.wikidata.org/entity/Q119498679,Guido Gezelle,"Liederen, eerdichten et reliqua"
11,http://www.wikidata.org/entity/Q336977,http://www.wikidata.org/entity/Q119498726,Guido Gezelle,Vlaemsche Dichtoefeningen
12,http://www.wikidata.org/entity/Q336977,http://www.wikidata.org/entity/Q119499337,Guido Gezelle,XXXIII kleengedichtjes
13,http://www.wikidata.org/entity/Q336977,http://www.wikidata.org/entity/Q119823859,Guido Gezelle,Van den kleenen hertog
14,http://www.wikidata.org/entity/Q336977,http://www.wikidata.org/entity/Q119828710,Guido Gezelle,De doolaards in Egypten
15,http://www.wikidata.org/entity/Q336977,http://www.wikidata.org/entity/Q119828916,Guido Gezelle,The Song of Hiawatha
16,http://www.wikidata.org/entity/Q336977,http://www.wikidata.org/entity/Q119829098,Guido Gezelle,Goddelijke beschouwingen
17,http://www.wikidata.org/entity/Q336977,http://www.wikidata.org/entity/Q121735414,Guido Gezelle,Q121735414
18,http://www.wikidata.org/entity/Q336977,http://www.wikidata.org/entity/Q121735460,Guido Gezelle,Q121735460
19,http://www.wikidata.org/entity/Q336977,http://www.wikidata.org/entity/Q122228441,Guido Gezelle,Woordentas
0,http://www.wikidata.org/entity/Q286475,http://www.wikidata.org/entity/Q20971968,Émile Souvestre,Le Foyer breton
0,http://www.wikidata.org/entity/Q1131816,http://www.wikidata.org/entity/Q80225196,Anna Seward,"Louisa, a Poetical Novel"
0,http://www.wikidata.org/entity/Q822857,http://www.wikidata.org/entity/Q6010266,Bernardim Ribeiro,Hystoria de menina e moca
0,http://www.wikidata.org/entity/Q19754040,http://www.wikidata.org/entity/Q60320166,Maud Cruttwell,Antonio Pollaiuolo
0,http://www.wikidata.org/entity/Q1122901,http://www.wikidata.org/entity/Q55591820,William Vaughn Moody,The Pilgrim's Progress
0,http://www.wikidata.org/entity/Q348690,http://www.wikidata.org/entity/Q17481830,Adam Asnyk,"Oh, Void Complaints"
1,http://www.wikidata.org/entity/Q348690,http://www.wikidata.org/entity/Q28124086,Adam Asnyk,Q28124086
2,http://www.wikidata.org/entity/Q348690,http://www.wikidata.org/entity/Q28125655,Adam Asnyk,Q28125655
0,http://www.wikidata.org/entity/Q806616,http://www.wikidata.org/entity/Q17331164,Jacobus van Looy,Orange Festival
1,http://www.wikidata.org/entity/Q806616,http://www.wikidata.org/entity/Q17331167,Jacobus van Looy,Blooming Clover
2,http://www.wikidata.org/entity/Q806616,http://www.wikidata.org/entity/Q17338438,Jacobus van Looy,Anthonie Gerardus van der Hout (1820-92)
3,http://www.wikidata.org/entity/Q806616,http://www.wikidata.org/entity/Q17346886,Jacobus van Looy,The garden wall
0,http://www.wikidata.org/entity/Q5134227,http://www.wikidata.org/entity/Q30914847,Clinton Scollard,Blank Verse Pastels
0,http://www.wikidata.org/entity/Q62765,http://www.wikidata.org/entity/Q310301,Georg Ebers,Ebers Papyrus
1,http://www.wikidata.org/entity/Q62765,http://www.wikidata.org/entity/Q108665083,Georg Ebers,An Egyptian Princess
2,http://www.wikidata.org/entity/Q62765,http://www.wikidata.org/entity/Q112027943,Georg Ebers,"Egypt: descriptive, historical, and picturesque"
0,http://www.wikidata.org/entity/Q243267,http://www.wikidata.org/entity/Q4851394,Juliusz Słowacki,Balladyna
1,http://www.wikidata.org/entity/Q243267,http://www.wikidata.org/entity/Q6431535,Juliusz Słowacki,Kordian
0,http://www.wikidata.org/entity/Q7351,http://www.wikidata.org/entity/Q163594,Robert Schumann,Symphony No. 1
1,http://www.wikidata.org/entity/Q7351,http://www.wikidata.org/entity/Q210568,Robert Schumann,Symphony No. 2
2,http://www.wikidata.org/entity/Q7351,http://www.wikidata.org/entity/Q223540,Robert Schumann,Symphony No. 3
3,http://www.wikidata.org/entity/Q7351,http://www.wikidata.org/entity/Q1569982,Robert Schumann,Kinderszenen
0,http://www.wikidata.org/entity/Q6061870,http://www.wikidata.org/entity/Q21651640,John Jones,"A ballad by John Jones (Tegid), ""Anffaeledigrwydd y Pab!"
0,http://www.wikidata.org/entity/Q7789508,http://www.wikidata.org/entity/Q48586943,Thomas Falkner,"A description of Patagonia, and the adjoining parts of South America"
0,http://www.wikidata.org/entity/Q171091,http://www.wikidata.org/entity/Q605249,Philip K. Dick,Do Androids Dream of Electric Sheep?
1,http://www.wikidata.org/entity/Q171091,http://www.wikidata.org/entity/Q617357,Philip K. Dick,Ubik
2,http://www.wikidata.org/entity/Q171091,http://www.wikidata.org/entity/Q749783,Philip K. Dick,The Man in the High Castle
3,http://www.wikidata.org/entity/Q171091,http://www.wikidata.org/entity/Q874492,Philip K. Dick,"Flow My Tears, the Policeman Said"
4,http://www.wikidata.org/entity/Q171091,http://www.wikidata.org/entity/Q1139149,Philip K. Dick,Eye in the Sky
5,http://www.wikidata.org/entity/Q171091,http://www.wikidata.org/entity/Q1198489,Philip K. Dick,A Scanner Darkly
6,http://www.wikidata.org/entity/Q171091,http://www.wikidata.org/entity/Q1317915,Philip K. Dick,"Dr. Bloodmoney, or How We Got Along After the Bomb"
7,http://www.wikidata.org/entity/Q171091,http://www.wikidata.org/entity/Q6497260,Philip K. Dick,VALIS trilogy
0,http://www.wikidata.org/entity/Q172198,http://www.wikidata.org/entity/Q12901800,Ammianus Marcellinus,Roman History
0,http://www.wikidata.org/entity/Q3620381,http://www.wikidata.org/entity/Q35064266,Antonio de Hoyos y Vinent,La torería
0,http://www.wikidata.org/entity/Q7728,http://www.wikidata.org/entity/Q1238893,Grazia Deledda,Canne al vento
1,http://www.wikidata.org/entity/Q7728,http://www.wikidata.org/entity/Q2526261,Grazia Deledda,The Mother
2,http://www.wikidata.org/entity/Q7728,http://www.wikidata.org/entity/Q2528617,Grazia Deledda,Elias Portolu
3,http://www.wikidata.org/entity/Q7728,http://www.wikidata.org/entity/Q18223014,Grazia Deledda,Ashes
0,http://www.wikidata.org/entity/Q52123337,http://www.wikidata.org/entity/Q111835457,Paul Creswick,Robin Hood and his Adventures
0,http://www.wikidata.org/entity/Q662063,http://www.wikidata.org/entity/Q7510449,John Lydgate,Siege of Thebes
1,http://www.wikidata.org/entity/Q662063,http://www.wikidata.org/entity/Q7846769,John Lydgate,Troy Book
2,http://www.wikidata.org/entity/Q662063,http://www.wikidata.org/entity/Q30715567,John Lydgate,The Fall of Princes
3,http://www.wikidata.org/entity/Q662063,http://www.wikidata.org/entity/Q120668065,John Lydgate,Bycorne and Chychevache
4,http://www.wikidata.org/entity/Q662063,http://www.wikidata.org/entity/Q120668084,John Lydgate,The pain and sorrow of evil marriage
5,http://www.wikidata.org/entity/Q662063,http://www.wikidata.org/entity/Q122156160,John Lydgate,Thoroughfare of woe
6,http://www.wikidata.org/entity/Q662063,http://www.wikidata.org/entity/Q122169910,John Lydgate,The temple of glass
7,http://www.wikidata.org/entity/Q662063,http://www.wikidata.org/entity/Q123055965,John Lydgate,Pageant of knowledge
8,http://www.wikidata.org/entity/Q662063,http://www.wikidata.org/entity/Q123055974,John Lydgate,"Hors, Goose and Shepe"
9,http://www.wikidata.org/entity/Q662063,http://www.wikidata.org/entity/Q123238431,John Lydgate,The life of saint Margaret
10,http://www.wikidata.org/entity/Q662063,http://www.wikidata.org/entity/Q123340092,John Lydgate,De fallacia mundi
11,http://www.wikidata.org/entity/Q662063,http://www.wikidata.org/entity/Q123340115,John Lydgate,Complaint þat Christ maketh of his Passioun
12,http://www.wikidata.org/entity/Q662063,http://www.wikidata.org/entity/Q123340129,John Lydgate,Sotel resoun of the crabbe
13,http://www.wikidata.org/entity/Q662063,http://www.wikidata.org/entity/Q123340136,John Lydgate,Resoun of the rammeshorne
14,http://www.wikidata.org/entity/Q662063,http://www.wikidata.org/entity/Q123340148,John Lydgate,Isopos fabules
15,http://www.wikidata.org/entity/Q662063,http://www.wikidata.org/entity/Q123340160,John Lydgate,The life of saint Giles
16,http://www.wikidata.org/entity/Q662063,http://www.wikidata.org/entity/Q123340178,John Lydgate,Memorial verses on the kings of England
17,http://www.wikidata.org/entity/Q662063,http://www.wikidata.org/entity/Q123340186,John Lydgate,The life of Our Lady
18,http://www.wikidata.org/entity/Q662063,http://www.wikidata.org/entity/Q123342178,John Lydgate,The daunce of Machabree
19,http://www.wikidata.org/entity/Q662063,http://www.wikidata.org/entity/Q123342197,John Lydgate,Secrees of old philisoffres
20,http://www.wikidata.org/entity/Q662063,http://www.wikidata.org/entity/Q123342209,John Lydgate,The lives of saint Edmund and Fremund
21,http://www.wikidata.org/entity/Q662063,http://www.wikidata.org/entity/Q123342269,John Lydgate,The pilgrimage of the life of man
22,http://www.wikidata.org/entity/Q662063,http://www.wikidata.org/entity/Q123342322,John Lydgate,The lyff off Guy of Warwyk
23,http://www.wikidata.org/entity/Q662063,http://www.wikidata.org/entity/Q123644112,John Lydgate,The dietary
0,http://www.wikidata.org/entity/Q443398,http://www.wikidata.org/entity/Q7734903,Henry Handel Richardson,The Fortunes of Richard Mahony
0,http://www.wikidata.org/entity/Q219491,http://www.wikidata.org/entity/Q935669,Arrigo Boito,Mefistofele
1,http://www.wikidata.org/entity/Q219491,http://www.wikidata.org/entity/Q3874826,Arrigo Boito,Nerone
0,http://www.wikidata.org/entity/Q2578761,http://www.wikidata.org/entity/Q1131423,William F. Nolan,Logan's Run
0,http://www.wikidata.org/entity/Q70989,http://www.wikidata.org/entity/Q22670870,Hugo Ball,Karawane
1,http://www.wikidata.org/entity/Q70989,http://www.wikidata.org/entity/Q106253765,Hugo Ball,Flight out of time
2,http://www.wikidata.org/entity/Q70989,http://www.wikidata.org/entity/Q110197689,Hugo Ball,Hermann Hesse
3,http://www.wikidata.org/entity/Q70989,http://www.wikidata.org/entity/Q114837245,Hugo Ball,Byzantinisches Christentum: Drei Heiligenleben
0,http://www.wikidata.org/entity/Q51513,http://www.wikidata.org/entity/Q471240,Hugo von Hofmannsthal,Der Rosenkavalier
1,http://www.wikidata.org/entity/Q51513,http://www.wikidata.org/entity/Q731927,Hugo von Hofmannsthal,Elektra
2,http://www.wikidata.org/entity/Q51513,http://www.wikidata.org/entity/Q16632333,Hugo von Hofmannsthal,Jedermann
0,http://www.wikidata.org/entity/Q78476,http://www.wikidata.org/entity/Q1547203,Georg Trakl,Grodek
0,http://www.wikidata.org/entity/Q357839,http://www.wikidata.org/entity/Q1659714,Walter M. Miller,A Canticle for Leibowitz
1,http://www.wikidata.org/entity/Q357839,http://www.wikidata.org/entity/Q5223141,Walter M. Miller,Dark Benediction
2,http://www.wikidata.org/entity/Q357839,http://www.wikidata.org/entity/Q7728896,Walter M. Miller,The Darfsteller
0,http://www.wikidata.org/entity/Q55594379,http://www.wikidata.org/entity/Q3198638,Lyn Venable,Time Enough at Last
0,http://www.wikidata.org/entity/Q18672424,http://www.wikidata.org/entity/Q7758268,Thomas Godfrey,The Prince of Parthia
0,http://www.wikidata.org/entity/Q2338545,http://www.wikidata.org/entity/Q5870309,Mercy Otis Warren,"history of the Rise, Progress, and Termination of the American Revolution"
0,http://www.wikidata.org/entity/Q2578528,http://www.wikidata.org/entity/Q4759804,William Dunlap,André
1,http://www.wikidata.org/entity/Q2578528,http://www.wikidata.org/entity/Q4759804,William Dunlap,André
0,http://www.wikidata.org/entity/Q18911628,http://www.wikidata.org/entity/Q19085384,Henry Charles Moore,Omnibuses and Cabs
0,http://www.wikidata.org/entity/Q707333,http://www.wikidata.org/entity/Q3605102,Harry Bates,Farewell to the Master
0,http://www.wikidata.org/entity/Q379912,http://www.wikidata.org/entity/Q1171104,Bernard Mandeville,The Fable of the Bees
0,http://www.wikidata.org/entity/Q83321,http://www.wikidata.org/entity/Q649013,Giacomo Casanova,Histoire de ma vie
1,http://www.wikidata.org/entity/Q83321,http://www.wikidata.org/entity/Q3974150,Giacomo Casanova,Story of my flight from the prisons of the Venetian Republic
0,http://www.wikidata.org/entity/Q370589,http://www.wikidata.org/entity/Q42189812,Thomas Crofton Croker,Fairy Legends and Traditions of the South of Ireland
0,http://www.wikidata.org/entity/Q168542,http://www.wikidata.org/entity/Q167320,Adalbert Stifter,Indian summer
1,http://www.wikidata.org/entity/Q168542,http://www.wikidata.org/entity/Q667970,Adalbert Stifter,Rock Crystal
2,http://www.wikidata.org/entity/Q168542,http://www.wikidata.org/entity/Q1725092,Adalbert Stifter,Witiko
0,http://www.wikidata.org/entity/Q296256,http://www.wikidata.org/entity/Q1434404,Philip José Farmer,Riverworld
0,http://www.wikidata.org/entity/Q57619,http://www.wikidata.org/entity/Q19194857,Frank Wedekind,Eroberung
0,http://www.wikidata.org/entity/Q590532,http://www.wikidata.org/entity/Q1077,Jerome Bixby,Star Trek: The Original Series
1,http://www.wikidata.org/entity/Q590532,http://www.wikidata.org/entity/Q93701,Jerome Bixby,The Man from Earth
2,http://www.wikidata.org/entity/Q590532,http://www.wikidata.org/entity/Q6091108,Jerome Bixby,It's a Good Life
0,http://www.wikidata.org/entity/Q183192,http://www.wikidata.org/entity/Q104760652,Max Heindel,Simplified scientific astrology
1,http://www.wikidata.org/entity/Q183192,http://www.wikidata.org/entity/Q108047336,Max Heindel,The Message of the Stars
0,http://www.wikidata.org/entity/Q312632,http://www.wikidata.org/entity/Q303490,Jack Vance,Dying Earth
1,http://www.wikidata.org/entity/Q312632,http://www.wikidata.org/entity/Q2305146,Jack Vance,Lyonesse Trilogy
0,http://www.wikidata.org/entity/Q7383228,http://www.wikidata.org/entity/Q11291108,Ruth Stiles Gannett,My Father's Dragon
0,http://www.wikidata.org/entity/Q1443787,http://www.wikidata.org/entity/Q27956407,Katherine MacLean,The Missing Man
0,http://www.wikidata.org/entity/Q5297443,http://www.wikidata.org/entity/Q19086549,Dora Sigerson Shorter,The Fairy Changeling and Other Poems
0,http://www.wikidata.org/entity/Q722973,http://www.wikidata.org/entity/Q7739806,Thomas Day,The History of Sandford and Merton
0,http://www.wikidata.org/entity/Q77069,http://www.wikidata.org/entity/Q22962871,Leonhard Frank,Michaels Rückkehr
1,http://www.wikidata.org/entity/Q77069,http://www.wikidata.org/entity/Q22962953,Leonhard Frank,Deutsche Novelle
0,http://www.wikidata.org/entity/Q18063761,http://www.wikidata.org/entity/Q716755,Pedro Carolino,English as She Is Spoke
0,http://www.wikidata.org/entity/Q140694,http://www.wikidata.org/entity/Q784882,Alexis de Tocqueville,Democracy in America
1,http://www.wikidata.org/entity/Q140694,http://www.wikidata.org/entity/Q3178724,Alexis de Tocqueville,The Old Regime and the Revolution
0,http://www.wikidata.org/entity/Q39167718,http://www.wikidata.org/entity/Q110076110,Jennette Lee,Mr. Achilles
0,http://www.wikidata.org/entity/Q224029,http://www.wikidata.org/entity/Q1698752,André Maurois,Alain
1,http://www.wikidata.org/entity/Q224029,http://www.wikidata.org/entity/Q2956395,André Maurois,Q2956395
2,http://www.wikidata.org/entity/Q224029,http://www.wikidata.org/entity/Q6012541,André Maurois,The Art of Living
3,http://www.wikidata.org/entity/Q224029,http://www.wikidata.org/entity/Q19213609,André Maurois,Q19213609
4,http://www.wikidata.org/entity/Q224029,http://www.wikidata.org/entity/Q21009271,André Maurois,Q21009271
0,http://www.wikidata.org/entity/Q455951,http://www.wikidata.org/entity/Q1136071,Norman Spinrad,The Doomsday Machine
1,http://www.wikidata.org/entity/Q455951,http://www.wikidata.org/entity/Q1199660,Norman Spinrad,The Iron Dream
2,http://www.wikidata.org/entity/Q455951,http://www.wikidata.org/entity/Q3157123,Norman Spinrad,Bug Jack Barron
0,http://www.wikidata.org/entity/Q310800,http://www.wikidata.org/entity/Q30925,John Reed,Ten Days that Shook the World
1,http://www.wikidata.org/entity/Q310800,http://www.wikidata.org/entity/Q105710693,John Reed,Insurgent Mexico
0,http://www.wikidata.org/entity/Q332449,http://www.wikidata.org/entity/Q2986212,William Blackstone,Commentaries on the Laws of England
0,http://www.wikidata.org/entity/Q18215832,http://www.wikidata.org/entity/Q25314855,A. Ferreira de Freitas,Q25314855
0,http://www.wikidata.org/entity/Q708581,http://www.wikidata.org/entity/Q3505071,Thomas M. Disch,On Wings of Song
1,http://www.wikidata.org/entity/Q708581,http://www.wikidata.org/entity/Q3654602,Thomas M. Disch,Camp Concentration
2,http://www.wikidata.org/entity/Q708581,http://www.wikidata.org/entity/Q3773220,Thomas M. Disch,The Genocides
0,http://www.wikidata.org/entity/Q1556826,http://www.wikidata.org/entity/Q114852972,Gustavus Myers,The History of the Great American Forfunes
0,http://www.wikidata.org/entity/Q447268,http://www.wikidata.org/entity/Q30610271,Dorothy Richardson,Pilgrimage
0,http://www.wikidata.org/entity/Q447630,http://www.wikidata.org/entity/Q4658154,Enid Bagnold,A Matter of Gravity
1,http://www.wikidata.org/entity/Q447630,http://www.wikidata.org/entity/Q7722005,Enid Bagnold,The Chalk Garden
2,http://www.wikidata.org/entity/Q447630,http://www.wikidata.org/entity/Q17104435,Enid Bagnold,National Velvet
3,http://www.wikidata.org/entity/Q447630,http://www.wikidata.org/entity/Q4658154,Enid Bagnold,A Matter of Gravity
4,http://www.wikidata.org/entity/Q447630,http://www.wikidata.org/entity/Q7722005,Enid Bagnold,The Chalk Garden
5,http://www.wikidata.org/entity/Q447630,http://www.wikidata.org/entity/Q17104435,Enid Bagnold,National Velvet
0,http://www.wikidata.org/entity/Q127539,http://www.wikidata.org/entity/Q18018632,René Bazin,Q18018632
1,http://www.wikidata.org/entity/Q127539,http://www.wikidata.org/entity/Q18018635,René Bazin,Une tache d'encre
2,http://www.wikidata.org/entity/Q127539,http://www.wikidata.org/entity/Q18018650,René Bazin,Q18018650
3,http://www.wikidata.org/entity/Q127539,http://www.wikidata.org/entity/Q18018653,René Bazin,Children of Alsace
0,http://www.wikidata.org/entity/Q78511,http://www.wikidata.org/entity/Q673861,Gustav Meyrink,The Golem
0,http://www.wikidata.org/entity/Q76480,http://www.wikidata.org/entity/Q457481,Heinrich Mann,Professor Unrat
1,http://www.wikidata.org/entity/Q76480,http://www.wikidata.org/entity/Q476349,Heinrich Mann,Der Untertan
0,http://www.wikidata.org/entity/Q93525,http://www.wikidata.org/entity/Q1168304,Marie von Ebner-Eschenbach,The Child of the Parish
0,http://www.wikidata.org/entity/Q163747,http://www.wikidata.org/entity/Q742753,Felix Salten,"Bambi, A Life in the Woods"
1,http://www.wikidata.org/entity/Q163747,http://www.wikidata.org/entity/Q20036985,Felix Salten,The Hound of Florence
0,http://www.wikidata.org/entity/Q1339023,http://www.wikidata.org/entity/Q1197625,Emmy von Rhoden,Der Trotzkopf
0,http://www.wikidata.org/entity/Q116957602,http://www.wikidata.org/entity/Q116957903,Geronimo,Fire and Flames: A History of the German Autonomist Movement
0,http://www.wikidata.org/entity/Q148886,http://www.wikidata.org/entity/Q3182978,Bruno Schulz,The Street of Crocodiles
1,http://www.wikidata.org/entity/Q148886,http://www.wikidata.org/entity/Q3226886,Bruno Schulz,Sanatorium Under the Sign of the Hourglass
0,http://www.wikidata.org/entity/Q168569,http://www.wikidata.org/entity/Q331784,Martin Andersen Nexø,Dryss
1,http://www.wikidata.org/entity/Q168569,http://www.wikidata.org/entity/Q1642629,Martin Andersen Nexø,Pelle the Conqueror
2,http://www.wikidata.org/entity/Q168569,http://www.wikidata.org/entity/Q26933715,Martin Andersen Nexø,"Ditte, daughter of Man"
0,http://www.wikidata.org/entity/Q34981,http://www.wikidata.org/entity/Q389750,Isaac Asimov,The Gods Themselves
1,http://www.wikidata.org/entity/Q34981,http://www.wikidata.org/entity/Q393018,Isaac Asimov,"I, Robot"
2,http://www.wikidata.org/entity/Q34981,http://www.wikidata.org/entity/Q468132,Isaac Asimov,The Bicentennial Man
3,http://www.wikidata.org/entity/Q34981,http://www.wikidata.org/entity/Q913482,Isaac Asimov,Robot series
4,http://www.wikidata.org/entity/Q34981,http://www.wikidata.org/entity/Q943878,Isaac Asimov,The Intelligent Man's Guide to Science
5,http://www.wikidata.org/entity/Q34981,http://www.wikidata.org/entity/Q1138091,Isaac Asimov,Nightfall
6,http://www.wikidata.org/entity/Q34981,http://www.wikidata.org/entity/Q1564644,Isaac Asimov,Foundation series
0,http://www.wikidata.org/entity/Q2329794,http://www.wikidata.org/entity/Q1639322,Tom Taylor,Our American Cousin
1,http://www.wikidata.org/entity/Q2329794,http://www.wikidata.org/entity/Q19897989,Tom Taylor,The Ticket-of-Leave Man
2,http://www.wikidata.org/entity/Q2329794,http://www.wikidata.org/entity/Q25182732,Tom Taylor,Masks and Faces
0,http://www.wikidata.org/entity/Q57389,http://www.wikidata.org/entity/Q694245,Alfred Döblin,Berlin Alexanderplatz
1,http://www.wikidata.org/entity/Q57389,http://www.wikidata.org/entity/Q4146087,Alfred Döblin,Berge Meere und Giganten
2,http://www.wikidata.org/entity/Q57389,http://www.wikidata.org/entity/Q7064650,Alfred Döblin,November 1918: A German Revolution
3,http://www.wikidata.org/entity/Q57389,http://www.wikidata.org/entity/Q7679376,Alfred Döblin,Tales of a Long Night
4,http://www.wikidata.org/entity/Q57389,http://www.wikidata.org/entity/Q7769019,Alfred Döblin,The Three Leaps of Wang Lun
5,http://www.wikidata.org/entity/Q57389,http://www.wikidata.org/entity/Q7959366,Alfred Döblin,Wadzeks Kampf mit der Dampfturbine
6,http://www.wikidata.org/entity/Q57389,http://www.wikidata.org/entity/Q15102491,Alfred Döblin,Wallenstein
0,http://www.wikidata.org/entity/Q60194689,http://www.wikidata.org/entity/Q51513317,Alice Kemp-Welch,Of Six Mediæval Women
0,http://www.wikidata.org/entity/Q82049,http://www.wikidata.org/entity/Q171280,George Berkeley,De Motu
1,http://www.wikidata.org/entity/Q82049,http://www.wikidata.org/entity/Q3110883,George Berkeley,Three Dialogues between Hylas and Philonous
2,http://www.wikidata.org/entity/Q82049,http://www.wikidata.org/entity/Q3223788,George Berkeley,The Analyst
3,http://www.wikidata.org/entity/Q82049,http://www.wikidata.org/entity/Q3267928,George Berkeley,A Treatise Concerning the Principles of Human Knowledge
4,http://www.wikidata.org/entity/Q82049,http://www.wikidata.org/entity/Q19040750,George Berkeley,An Essay Towards a New Theory of Vision
5,http://www.wikidata.org/entity/Q82049,http://www.wikidata.org/entity/Q19097412,George Berkeley,The Querist
6,http://www.wikidata.org/entity/Q82049,http://www.wikidata.org/entity/Q42531406,George Berkeley,"The Theory of Vision, or Visual Language"
7,http://www.wikidata.org/entity/Q82049,http://www.wikidata.org/entity/Q42531535,George Berkeley,Siris
0,http://www.wikidata.org/entity/Q60684,http://www.wikidata.org/entity/Q128670,Novalis,Hymns to the Night
1,http://www.wikidata.org/entity/Q60684,http://www.wikidata.org/entity/Q58178849,Novalis,Heinrich von Ofterdingen
0,http://www.wikidata.org/entity/Q739190,http://www.wikidata.org/entity/Q4355894,Paul van Ostaijen,Q4355894
1,http://www.wikidata.org/entity/Q739190,http://www.wikidata.org/entity/Q4424258,Paul van Ostaijen,Bezette Stad
0,http://www.wikidata.org/entity/Q37621,http://www.wikidata.org/entity/Q193034,Thomas Hobbes,Leviathan
1,http://www.wikidata.org/entity/Q37621,http://www.wikidata.org/entity/Q1149540,Thomas Hobbes,De Cive
0,http://www.wikidata.org/entity/Q80889,http://www.wikidata.org/entity/Q1755757,Sigrid Undset,Kristin Lavransdatter
1,http://www.wikidata.org/entity/Q80889,http://www.wikidata.org/entity/Q11978379,Sigrid Undset,Jenny
2,http://www.wikidata.org/entity/Q80889,http://www.wikidata.org/entity/Q106731066,Sigrid Undset,East of the sun and west of the moon
0,http://www.wikidata.org/entity/Q446941,http://www.wikidata.org/entity/Q1056981,Gordon R. Dickson,Childe Cycle
0,http://www.wikidata.org/entity/Q315795,http://www.wikidata.org/entity/Q378485,Bernal Díaz del Castillo,Historia verdadera de la conquista de la Nueva España
0,http://www.wikidata.org/entity/Q241299,http://www.wikidata.org/entity/Q583210,Julia Ward Howe,Battle Hymn of the Republic
0,http://www.wikidata.org/entity/Q951250,http://www.wikidata.org/entity/Q11310481,Seabury Quinn,Jules de Grandin
1,http://www.wikidata.org/entity/Q951250,http://www.wikidata.org/entity/Q15980916,Seabury Quinn,Dr. Trowbridge
0,http://www.wikidata.org/entity/Q1160619,http://www.wikidata.org/entity/Q3224655,Daniel F. Galouye,Dark Universe
0,http://www.wikidata.org/entity/Q109522780,http://www.wikidata.org/entity/Q109523305,Powell Millington,The Diminutive of a Bear
0,http://www.wikidata.org/entity/Q443062,http://www.wikidata.org/entity/Q7090719,Philip Henry Gosse,Omphalos
0,http://www.wikidata.org/entity/Q2958511,http://www.wikidata.org/entity/Q14329491,Charles Beaumont,The Twilight Zone
0,http://www.wikidata.org/entity/Q240959,http://www.wikidata.org/entity/Q1361263,Emma Lazarus,The New Colossus
1,http://www.wikidata.org/entity/Q240959,http://www.wikidata.org/entity/Q124372928,Emma Lazarus,The Banner of the Jew
0,http://www.wikidata.org/entity/Q9381,http://www.wikidata.org/entity/Q233562,Adam Smith,The Wealth of Nations
1,http://www.wikidata.org/entity/Q9381,http://www.wikidata.org/entity/Q1438448,Adam Smith,The Theory of Moral Sentiments
0,http://www.wikidata.org/entity/Q704179,http://www.wikidata.org/entity/Q3698426,Giovanni Villani,Cronaca di Partenope
0,http://www.wikidata.org/entity/Q311145,http://www.wikidata.org/entity/Q31137,Machado de Assis,O alienista
1,http://www.wikidata.org/entity/Q311145,http://www.wikidata.org/entity/Q1236531,Machado de Assis,Dom Casmurro
2,http://www.wikidata.org/entity/Q311145,http://www.wikidata.org/entity/Q10261744,Machado de Assis,Crisálidas
0,http://www.wikidata.org/entity/Q2363035,http://www.wikidata.org/entity/Q463167,Katharine Lee Bates,America the Beautiful
1,http://www.wikidata.org/entity/Q2363035,http://www.wikidata.org/entity/Q19052539,Katharine Lee Bates,Goody Santa Claus on a Sleigh Ride
0,http://www.wikidata.org/entity/Q5333,http://www.wikidata.org/entity/Q1348323,Charles Lyell,Principles of Geology
0,http://www.wikidata.org/entity/Q254041,http://www.wikidata.org/entity/Q807736,Domingo Faustino Sarmiento,Facundo
1,http://www.wikidata.org/entity/Q254041,http://www.wikidata.org/entity/Q7303244,Domingo Faustino Sarmiento,Recuerdos de Provincia
2,http://www.wikidata.org/entity/Q254041,http://www.wikidata.org/entity/Q55832747,Domingo Faustino Sarmiento,Q55832747
3,http://www.wikidata.org/entity/Q254041,http://www.wikidata.org/entity/Q111798687,Domingo Faustino Sarmiento,Q111798687
0,http://www.wikidata.org/entity/Q943991,http://www.wikidata.org/entity/Q4996134,Thomas Bulfinch,Bulfinch's Mythology
0,http://www.wikidata.org/entity/Q106143,http://www.wikidata.org/entity/Q19081630,Samuel Pepys,Diary of Samuel Pepys
0,http://www.wikidata.org/entity/Q523424,http://www.wikidata.org/entity/Q45915899,Florence Merriam Bailey,Birds Through an Opera Glass
1,http://www.wikidata.org/entity/Q523424,http://www.wikidata.org/entity/Q54365954,Florence Merriam Bailey,"Bird-Lore, Volume I"
2,http://www.wikidata.org/entity/Q523424,http://www.wikidata.org/entity/Q59405003,Florence Merriam Bailey,Birds of Village and Field: a bird book for beginners
3,http://www.wikidata.org/entity/Q523424,http://www.wikidata.org/entity/Q65658854,Florence Merriam Bailey,A-birding on a bronco
0,http://www.wikidata.org/entity/Q165534,http://www.wikidata.org/entity/Q769831,Carlo Goldoni,Il servitore di due padroni
1,http://www.wikidata.org/entity/Q165534,http://www.wikidata.org/entity/Q1232053,Carlo Goldoni,The Mistress of the Inn
2,http://www.wikidata.org/entity/Q165534,http://www.wikidata.org/entity/Q3224496,Carlo Goldoni,Il bugiardo
3,http://www.wikidata.org/entity/Q165534,http://www.wikidata.org/entity/Q3822132,Carlo Goldoni,La donna di garbo
4,http://www.wikidata.org/entity/Q165534,http://www.wikidata.org/entity/Q28914624,Carlo Goldoni,Lo speziale
0,http://www.wikidata.org/entity/Q2890486,http://www.wikidata.org/entity/Q6545189,Rebecca Harding Davis,Life in the Iron Mills
0,http://www.wikidata.org/entity/Q736123,http://www.wikidata.org/entity/Q14686969,Norman Maclean,A River Runs Through It
1,http://www.wikidata.org/entity/Q736123,http://www.wikidata.org/entity/Q16983846,Norman Maclean,Young Men and Fire
0,http://www.wikidata.org/entity/Q77017,http://www.wikidata.org/entity/Q777331,Jakob Böhme,The Aurora
0,http://www.wikidata.org/entity/Q347356,http://www.wikidata.org/entity/Q104098864,Asa Gray,Botany for Young People
0,http://www.wikidata.org/entity/Q32833,http://www.wikidata.org/entity/Q12898936,Teofilo Folengo,Baldus
